<?xml version="1.0" encoding="UTF-8"?>

<jar-versions>
  <jar name="FastInfoset.jar" specVersion="1.0" specVendor="JBoss (http://www.jboss.org/)" specTitle="ITU-T Rec. X.891 | ISO/IEC 24824-1 (Fast Infoset)" implVersion="1.2.2" implVendor="Sun Microsystems, Inc." implTitle="Fast Infoset Implementation " implVendorID="com.sun" implURL="http://www.jboss.org/" sealed="false" md5Digest="344ca167f3dc453e39e0d728d91ea61a"/>
  <jar name="activation.jar" specVersion="1.1" specVendor="Sun Microsystems, Inc." specTitle="JavaBeans(TM) Activation Framework Specification" implVersion="1.1" implVendor="Sun Microsystems, Inc." implTitle="Sun Java System Application Server" implVendorID="com.sun" implURL="http://www.jboss.org/" sealed="false" md5Digest="e067c8ab63b92cc3845739edde9a3deb"/>
  <jar name="antlr.jar" specVersion="5.0.1.GA" specVendor="JBoss (http://www.jboss.org/)" specTitle="JBoss" implVersion="5.0.1.GA (build: SVNTag=JBoss_5_0_1_GA date=200902232048)" implVendor="JBoss Inc." implTitle="JBoss [Morpheus]" implVendorID="http://www.jboss.org/" implURL="http://www.jboss.org/" sealed="false" md5Digest="60ba78a09e393284957cc1a53a955edd"/>
  <jar name="applet.jar" specVersion="5.0.1.GA" specVendor="JBoss (http://www.jboss.org/)" specTitle="JBoss" implVersion="5.0.1.GA (build: SVNTag=JBoss_5_0_1_GA date=200902232048)" implVendor="JBoss Inc." implTitle="JBoss [Morpheus]" implVendorID="http://www.jboss.org/" implURL="http://www.jboss.org/" sealed="false" md5Digest="6b45936084e32512526cd68e51b8a2d8"/>
  <jar name="autonumber-plugin.jar" specVersion="5.0.1.GA" specVendor="JBoss (http://www.jboss.org/)" specTitle="JBoss" implVersion="5.0.1.GA (build: SVNTag=JBoss_5_0_1_GA date=200902232048)" implVendor="JBoss Inc." implTitle="JBoss [Morpheus]" implVendorID="http://www.jboss.org/" implURL="http://www.jboss.org/" sealed="false" md5Digest="c78bc7e01c1f6572ee83fe43c9755db7"/>
  <jar name="avalon-framework.jar" specVersion="1.0" specVendor="Apache Software Foundation" specTitle="Avalon Framework API" implVersion="4.1.5" implVendor="Apache Software Foundation" implTitle="JBoss [Morpheus]" implVendorID="ASF" implURL="http://www.jboss.org/" sealed="false" md5Digest="e9d5ead14667a3eefb853110a38af6c1"/>
  <jar name="bcel.jar" specVersion="5.0.1.GA" specVendor="JBoss (http://www.jboss.org/)" specTitle="JBoss" implVersion="5.0.1.GA (build: SVNTag=JBoss_5_0_1_GA date=200902232048)" implVendor="JBoss Inc." implTitle="JBoss [Morpheus]" implVendorID="http://www.jboss.org/" implURL="http://www.jboss.org/" sealed="false" md5Digest="7899cac1be4e39bc46fd5b2bc10d7613"/>
  <jar name="bsf.jar" specVersion="5.0.1.GA" specVendor="JBoss (http://www.jboss.org/)" specTitle="JBoss" implVersion="5.0.1.GA (build: SVNTag=JBoss_5_0_1_GA date=200902232048)" implVendor="JBoss Inc." implTitle="JBoss [Morpheus]" implVendorID="http://www.jboss.org/" implURL="http://www.jboss.org/" sealed="false" md5Digest="eb66acb0c7509b996ed86d8ff5652ac2"/>
  <jar name="bsh-deployer.jar" specVersion="5.0.1.GA" specVendor="JBoss (http://www.jboss.org/)" specTitle="JBoss" implVersion="5.0.1.GA (build: SVNTag=JBoss_5_0_1_GA date=200902232048)" implVendor="JBoss Inc." implTitle="JBoss [Morpheus]" implVendorID="http://www.jboss.org/" implURL="http://www.jboss.org/" sealed="false" md5Digest="6c9e6b96b51efd5f3f7126cb5b64d7d0"/>
  <jar name="bsh.jar" specVersion="5.0.1.GA" specVendor="JBoss (http://www.jboss.org/)" specTitle="JBoss" implVersion="5.0.1.GA (build: SVNTag=JBoss_5_0_1_GA date=200902232048)" implVendor="JBoss Inc." implTitle="JBoss [Morpheus]" implVendorID="http://www.jboss.org/" implURL="http://www.jboss.org/" sealed="false" md5Digest="cabfda4c4a9654989427565f80158af9"/>
  <jar name="commons-collections.jar" specVersion="3.1" specVendor="Apache Software Foundation" specTitle="Commons Collections" implVersion="3.1" implVendor="Apache Software Foundation" implTitle="JBoss [Morpheus]" implVendorID="" implURL="http://www.jboss.org/" sealed="false" md5Digest="9a08604345d045efc898dc4e1e4c2d69"/>
  <jar name="commons-httpclient.jar" specVersion="5.0.1.GA" specVendor="Apache Software Foundation" specTitle="Jakarta Commons HttpClient" implVersion="3.0" implVendor="Apache Software Foundation" implTitle="org.apache.commons.httpclient" implVendorID="http://www.jboss.org/" implURL="http://www.jboss.org/" sealed="false" md5Digest="4a4b9b8c2c0f7dc0eaa042e78831d2e6"/>
  <jar name="commons-logging.jar" specVersion="1.0" specVendor="Apache Software Foundation" specTitle="Jakarta Commons Logging" implVersion="1.1.0.jboss" implVendor="Red Hat Middleware LLC" implTitle="Jakarta Commons Logging" implVendorID="jboss.org" implURL="http://www.jboss.org/" sealed="false" md5Digest="cee1161b55c88a4f49a67693addfeeb8"/>
  <jar name="concurrent.jar" specVersion="5.0.1.GA" specVendor="JBoss (http://www.jboss.org/)" specTitle="JBoss" implVersion="5.0.1.GA (build: SVNTag=JBoss_5_0_1_GA date=200902232048)" implVendor="JBoss Inc." implTitle="JBoss [Morpheus]" implVendorID="http://www.jboss.org/" implURL="http://www.jboss.org/" sealed="false" md5Digest="8b238f9903e1f330400188ce77bc9f46"/>
  <jar name="console-mgr-classes.jar" specVersion="5.0.1.GA" specVendor="JBoss (http://www.jboss.org/)" specTitle="JBoss" implVersion="5.0.1.GA (build: SVNTag=JBoss_5_0_1_GA date=200902232048)" implVendor="JBoss Inc." implTitle="JBoss [Morpheus]" implVendorID="http://www.jboss.org/" implURL="http://www.jboss.org/" sealed="false" md5Digest="5ccd903befe10126571c5f15847d4979"/>
  <jar name="deployment-service.sar" specVersion="5.0.1.GA" specVendor="JBoss (http://www.jboss.org/)" specTitle="JBoss" implVersion="5.0.1.GA (build: SVNTag=JBoss_5_0_1_GA date=200902232048)" implVendor="JBoss Inc." implTitle="JBoss [Morpheus]" implVendorID="http://www.jboss.org/" implURL="http://www.jboss.org/" sealed="false" md5Digest="f994f73a0153b1e8a55902eed54ed1da"/>
  <jar name="derby-plugin.jar" specVersion="5.0.1.GA" specVendor="JBoss (http://www.jboss.org/)" specTitle="JBoss" implVersion="5.0.1.GA (build: SVNTag=JBoss_5_0_1_GA date=200902232048)" implVendor="JBoss Inc." implTitle="JBoss [Morpheus]" implVendorID="http://www.jboss.org/" implURL="http://www.jboss.org/" sealed="false" md5Digest="af83657fd903699a1033b347221223bf"/>
  <jar name="dom4j.jar" specVersion="5.0.1.GA" specVendor="MetaStuff Ltd." specTitle="dom4j : XML framework for Java" implVersion="1.6.1" implVendor="MetaStuff Ltd." implTitle="org.dom4j" implVendorID="http://www.jboss.org/" implURL="http://www.jboss.org/" sealed="false" md5Digest="14d29b942562f005b2ae473877db733"/>
  <jar name="dtdparser121.jar" specVersion="5.0.1.GA" specVendor="JBoss (http://www.jboss.org/)" specTitle="JBoss" implVersion="5.0.1.GA (build: SVNTag=JBoss_5_0_1_GA date=200902232048)" implVendor="JBoss Inc." implTitle="JBoss [Morpheus]" implVendorID="http://www.jboss.org/" implURL="http://www.jboss.org/" sealed="false" md5Digest="a1a9e399bbeaefe85a42c4a73f985f93"/>
  <jar name="ejb-management.jar" specVersion="5.0.1.GA" specVendor="JBoss (http://www.jboss.org/)" specTitle="JBoss" implVersion="5.0.1.GA (build: SVNTag=JBoss_5_0_1_GA date=200902232048)" implVendor="JBoss Inc." implTitle="JBoss [Morpheus]" implVendorID="http://www.jboss.org/" implURL="http://www.jboss.org/" sealed="false" md5Digest="bb272c8ba803798f179e2d99dd1af575"/>
  <jar name="ejb3-persistence.jar" specVersion="3.0 Final Release (1.0.2.GA)" specVendor="Sun Microsystems, Inc." specTitle="EJB 3.0" implVersion="3.0 Final Release (1.0.2.GA) April 2 2008" implVendor="hibernate.org" implTitle="EJB" implVendorID="http://www.jboss.org/" implURL="http://www.jboss.org/" sealed="false" md5Digest="b26c55336793ba81b1e09469265c34d6"/>
  <jar name="el-api.jar" specVersion="5.0.1.GA" specVendor="JBoss (http://www.jboss.org/)" specTitle="JBoss" implVersion="5.0.1.GA (build: SVNTag=JBoss_5_0_1_GA date=200902232048)" implVendor="JBoss Inc." implTitle="JBoss [Morpheus]" implVendorID="http://www.jboss.org/" implURL="http://www.jboss.org/" sealed="false" md5Digest="90224688b29b1832b6e2f952aedd56ea"/>
  <jar name="getopt.jar" specVersion="5.0.1.GA" specVendor="JBoss (http://www.jboss.org/)" specTitle="JBoss" implVersion="5.0.1.GA (build: SVNTag=JBoss_5_0_1_GA date=200902232048)" implVendor="JBoss Inc." implTitle="JBoss [Morpheus]" implVendorID="http://www.jboss.org/" implURL="http://www.jboss.org/" sealed="false" md5Digest="6cad0093ca9ee407d7be68b565184ff5"/>
  <jar name="hibernate-annotations.jar" specVersion="1.0" specVendor="jcp.org" specTitle="Java Persistence" implVersion="3.4.0.GA" implVendor="hibernate.org" implTitle="Hibernate Annotations" implVendorID="hibernate.org" implURL="http://annotations.hibernate.org" sealed="false" md5Digest="f09675cd02f41907eaff7702f00397ed"/>
  <jar name="hibernate-commons-annotations.jar" specVersion="5.0.1.GA" specVendor="JBoss (http://www.jboss.org/)" specTitle="JBoss" implVersion="3.1.0.GA" implVendor="hibernate.org" implTitle="Hibernate Commons Annotations" implVendorID="hibernate.org" implURL="http://annotations.hibernate.org" sealed="false" md5Digest="3411b5bc6b9c72d09b9f4352b26102d8"/>
  <jar name="hibernate-core.jar" specVersion="3.3.1.GA" specVendor="Hibernate.org" specTitle="Hibernate Core" implVersion="3.3.1.GA" implVendor="Hibernate.org" implTitle="Hibernate Core" implVendorID="org.hibernate" implURL="http://hibernate.org/hibernate-core" sealed="false" md5Digest="739d07d875a5dde490f943f294feeaf2"/>
  <jar name="hibernate-entitymanager.jar" specVersion="1.0" specVendor="jcp.org" specTitle="Java Persistence" implVersion="3.4.0.GA" implVendor="hibernate.org" implTitle="Hibernate EntityManager" implVendorID="hibernate.org" implURL="http://entitymanager.hibernate.org" sealed="false" md5Digest="951530603c350fd51df78ccefa8229c9"/>
  <jar name="hibernate-jbosscache2.jar" specVersion="3.3.1.GA" specVendor="Hibernate.org" specTitle="Hibernate JBossCache2.x Integration" implVersion="3.3.1.GA" implVendor="Hibernate.org" implTitle="Hibernate JBossCache2.x Integration" implVendorID="org.hibernate" implURL="http://hibernate.org/hibernate-jbosscache2" sealed="false" md5Digest="9ffe9721571965b47da377ea9d2dd07c"/>
  <jar name="hibernate-jmx.jar" specVersion="3.3.1.GA" specVendor="Hibernate.org" specTitle="Hibernate JMX Module" implVersion="3.3.1.GA" implVendor="Hibernate.org" implTitle="Hibernate JMX Module" implVendorID="org.hibernate" implURL="http://hibernate.org/hibernate-jmx" sealed="false" md5Digest="40dc93f3ee4a0e0cda83be04a29e33ba"/>
  <jar name="hibernate-validator.jar" specVersion="5.0.1.GA" specVendor="JBoss (http://www.jboss.org/)" specTitle="JBoss" implVersion="3.1.0.GA" implVendor="hibernate.org" implTitle="Hibernate Validator" implVendorID="hibernate.org" implURL="http://validator.hibernate.org" sealed="false" md5Digest="101ceff12e3de521044b8c8ed80f03ee"/>
  <jar name="hsqldb-plugin.jar" specVersion="5.0.1.GA" specVendor="JBoss (http://www.jboss.org/)" specTitle="JBoss" implVersion="5.0.1.GA (build: SVNTag=JBoss_5_0_1_GA date=200902232048)" implVendor="JBoss Inc." implTitle="JBoss [Morpheus]" implVendorID="http://www.jboss.org/" implURL="http://www.jboss.org/" sealed="false" md5Digest="a82c7620336f99f79e0dfaecc3b68c1f"/>
  <jar name="hsqldb.jar" specVersion="5.0.1.GA" specVendor="JBoss (http://www.jboss.org/)" specTitle="JBoss" implVersion="5.0.1.GA (build: SVNTag=JBoss_5_0_1_GA date=200902232048)" implVendor="JBoss Inc." implTitle="JBoss [Morpheus]" implVendorID="http://www.jboss.org/" implURL="http://www.jboss.org/" sealed="false" md5Digest="2daea7fe62171f87debc746ff851e84b"/>
  <jar name="jacorb.jar" specVersion="5.0.1.GA" specVendor="JBoss (http://www.jboss.org/)" specTitle="JBoss" implVersion="5.0.1.GA (build: SVNTag=JBoss_5_0_1_GA date=200902232048)" implVendor="JBoss Inc." implTitle="JBoss [Morpheus]" implVendorID="http://www.jboss.org/" implURL="http://www.jboss.org/" sealed="false" md5Digest="ddf0e5fa23a809a1a340c9142c75084c"/>
  <jar name="jasper-jdt.jar" specVersion="5.0.1.GA" specVendor="JBoss (http://www.jboss.org/)" specTitle="JBoss" implVersion="5.0.1.GA (build: SVNTag=JBoss_5_0_1_GA date=200902232048)" implVendor="JBoss Inc." implTitle="JBoss [Morpheus]" implVendorID="http://www.jboss.org/" implURL="http://www.jboss.org/" sealed="false" md5Digest="82c00ae91558ab4c6196e979ee55f89f"/>
  <jar name="javassist.jar" specVersion="3.9.0.GA" specVendor="Shigeru Chiba, Tokyo Institute of Technology" specTitle="Javassist" implVersion="5.0.1.GA (build: SVNTag=JBoss_5_0_1_GA date=200902232048)" implVendor="JBoss Inc." implTitle="JBoss [Morpheus]" implVendorID="http://www.jboss.org/" implURL="http://www.jboss.org/" sealed="false" md5Digest="ceae86176a4632bb86d6e87f3999fda3"/>
  <jar name="jaxb-api.jar" specVersion="2.1" specVendor="Sun Microsystems, Inc." specTitle="Java Architecture for XML Binding" implVersion="5.0.1.GA (build: SVNTag=JBoss_5_0_1_GA date=200902232048)" implVendor="JBoss Inc." implTitle="JBoss [Morpheus]" implVendorID="http://www.jboss.org/" implURL="http://www.jboss.org/" sealed="false" md5Digest="f815b53f54ff3d88e8fa90ab7b3d5ceb"/>
  <jar name="jaxb-impl.jar" specVersion="2.1" specVendor="Sun Microsystems, Inc." specTitle="Java Architecture for XML Binding" implVersion="2.1.9" implVendor="Sun Microsystems, Inc." implTitle="JAXB Reference Implementation " implVendorID="com.sun" implURL="http://www.jboss.org/" sealed="false" md5Digest="f591d33746c759d6b7770882b83445a0"/>
  <jar name="jaxb-xjc.jar" specVersion="2.1" specVendor="Sun Microsystems, Inc." specTitle="Java Architecture for XML Binding" implVersion="2.1.9" implVendor="Sun Microsystems, Inc." implTitle="JAXB Reference Implementation " implVendorID="com.sun" implURL="http://www.jboss.org/" sealed="false" md5Digest="c7a405655a4a157584528b9ca6ecb369"/>
  <jar name="jaxen.jar" specVersion="5.0.1.GA" specVendor="Codehaus" specTitle="Universal Java XPath Engine" implVersion="1.1" implVendor="Codehaus" implTitle="org.jaxen" implVendorID="http://www.jboss.org/" implURL="http://www.jboss.org/" sealed="false" md5Digest="167567b0a5d720faccc0860f6ffad8e1"/>
  <jar name="jaxws-rt.jar" specVersion="2.1" specVendor="JBoss (http://www.jboss.org/)" specTitle="The Java API for XML Web Services" implVersion="2.1.3" implVendor="Sun Microsystems Inc" implTitle="JAX-WS Implementation" implVendorID="com.sun" implURL="http://www.jboss.org/" sealed="false" md5Digest="e5347057b8ecf87a4e2674f67f13cf4d"/>
  <jar name="jaxws-tools.jar" specVersion="2.1" specVendor="JBoss (http://www.jboss.org/)" specTitle="The Java API for XML Web Services" implVersion="2.1.3" implVendor="Sun Microsystems Inc" implTitle="JAX-WS Implementation" implVendorID="com.sun" implURL="http://www.jboss.org/" sealed="false" md5Digest="c89c268a69aed76e52e4783532a8d55b"/>
  <jar name="jboss-aop-asintegration-core.jar" specVersion="2.0.1.GA" specVendor="JBoss, a division of Red Hat, Inc." specTitle="JBoss AOP AS Integration Core" implVersion="2.0.1.GA" implVendor="JBoss, a division of Red Hat, Inc." implTitle="JBoss AOP AS Integration Core" implVendorID="org.jboss.aop" implURL="http://www.jboss.org/jbossaop/jboss-aop-asintegration-core" sealed="false" md5Digest="db5c86c7244fa1b5d8733af1ce2b8306"/>
  <jar name="jboss-aop-asintegration-jmx.jar" specVersion="2.0.1.GA" specVendor="JBoss, a division of Red Hat, Inc." specTitle="JBoss AOP AS Integration JMX" implVersion="2.0.1.GA" implVendor="JBoss, a division of Red Hat, Inc." implTitle="JBoss AOP AS Integration JMX" implVendorID="org.jboss.aop" implURL="http://www.jboss.org/jbossaop/jboss-aop-asintegration-jmx" sealed="false" md5Digest="faa0b7d9d7ca29d1a74fc8f96ca5c23a"/>
  <jar name="jboss-aop-asintegration-mc.jar" specVersion="2.0.1.GA" specVendor="JBoss, a division of Red Hat, Inc." specTitle="JBoss AOP AS Integration MC" implVersion="2.0.1.GA" implVendor="JBoss, a division of Red Hat, Inc." implTitle="JBoss AOP AS Integration MC" implVendorID="org.jboss.aop" implURL="http://www.jboss.org/jbossaop/jboss-aop-asintegration-mc" sealed="false" md5Digest="3cc6675cb2dcc964b88cdfa63c4ed46"/>
  <jar name="jboss-aop-aspects.jar" specVersion="2.0.1.GA" specVendor="JBoss, a division of Red Hat, Inc." specTitle="JBoss AOP Aspects" implVersion="2.0.1.GA" implVendor="JBoss, a division of Red Hat, Inc." implTitle="JBoss AOP Aspects" implVendorID="org.jboss.aop" implURL="http://www.jboss.org/jbossaop/jboss-aop-aspects" sealed="false" md5Digest="e42183392f048d207e5d3384abdc4875"/>
  <jar name="jboss-aop-client.jar" specVersion="2.0.1.GA" specVendor="JBoss, a division of Red Hat, Inc." specTitle="JBoss AOP Framework" implVersion="2.0.1.GA" implVendor="JBoss, a division of Red Hat, Inc." implTitle="JBoss AOP Framework" implVendorID="org.jboss.aop" implURL="http://www.jboss.org/jbossaop" sealed="false" md5Digest="cbc2a94e4cc4787c19d3e828bebd9a5b"/>
  <jar name="jboss-aop-jboss5.jar" specVersion="jboss-aspect-library-1.3" specVendor="JBoss (http://www.jboss.org/)" specTitle="JBoss AOP Aspect Library" implVersion="jboss-aspect-library-1.3" implVendor="JBoss Inc." implTitle="JBoss AOP Aspect Library" implVendorID="http://www.jboss.org/" implURL="http://www.jboss.org/" sealed="false" md5Digest="ca1753c58b515f8882611b3c6b2e6740"/>
  <jar name="jboss-aop-mc-int.jar" specVersion="2.0.4.GA" specVendor="JBoss, a division of Red Hat, Inc." specTitle="JBoss Microcontainer AOP MC INT" implVersion="2.0.4.GA" implVendor="JBoss, a division of Red Hat, Inc." implTitle="JBoss Microcontainer AOP MC INT" implVendorID="org.jboss.microcontainer" implURL="http://www.jboss.com/products/jbossmc" sealed="false" md5Digest="8018ae0ae40c20b05afe14afe0c86c2d"/>
  <jar name="jboss-aop.jar" specVersion="2.0.1.GA" specVendor="JBoss, a division of Red Hat, Inc." specTitle="JBoss AOP Framework" implVersion="2.0.1.GA" implVendor="JBoss, a division of Red Hat, Inc." implTitle="JBoss AOP Framework" implVendorID="org.jboss.aop" implURL="http://www.jboss.org/jbossaop" sealed="false" md5Digest="3e11525b38c7d71f26674dfa64f5ca2"/>
  <jar name="jboss-appclient.jar" specVersion="JBoss EJB 3.0 RC7 - FD" specVendor="JBoss" specTitle="JBoss EJB 3.0" implVersion="JBoss EJB 3.0 RC7 - FD" implVendor="JBoss" implTitle="JBoss EJB 3.0" implVendorID="http://www.jboss.org/" implURL="http://www.jboss.com/products/ejb3" sealed="false" md5Digest="1c6cc5f09bcc60d1d6c72b23680ad7a6"/>
  <jar name="jboss-aspect-jdk50-client.jar" specVersion="jboss-aspect-library-1.3" specVendor="JBoss (http://www.jboss.org/)" specTitle="JBoss AOP Aspect Library" implVersion="jboss-aspect-library-1.3" implVendor="JBoss Inc." implTitle="JBoss AOP Aspect Library" implVendorID="http://www.jboss.org/" implURL="http://www.jboss.org/" sealed="false" md5Digest="ba74debc2a55c3ce10619941c04d6a01"/>
  <jar name="jboss-aspect-library.jar" specVersion="jboss-aspect-library-1.3" specVendor="JBoss (http://www.jboss.org/)" specTitle="JBoss AOP Aspect Library" implVersion="jboss-aspect-library-1.3" implVendor="JBoss Inc." implTitle="JBoss AOP Aspect Library" implVendorID="http://www.jboss.org/" implURL="http://www.jboss.org/" sealed="false" md5Digest="f26495f29a758a9cf18ad7cd92bfb1fa"/>
  <jar name="jboss-bindingservice.jar" specVersion="5.0.1.GA" specVendor="JBoss (http://www.jboss.org/)" specTitle="JBoss" implVersion="5.0.1.GA (build: SVNTag=JBoss_5_0_1_GA date=200902232048)" implVendor="JBoss Inc." implTitle="JBoss [Morpheus]" implVendorID="http://www.jboss.org/" implURL="http://www.jboss.org/" sealed="false" md5Digest="fb4b878f7115ff31412bc0c62112c681"/>
  <jar name="jboss-bootstrap.jar" specVersion="5.0.1.GA" specVendor="JBoss (http://www.jboss.org/)" specTitle="JBoss" implVersion="5.0.1.GA (build: SVNTag=JBoss_5_0_1_GA date=200902232048)" implVendor="JBoss Inc." implTitle="JBoss [Morpheus]" implVendorID="http://www.jboss.org/" implURL="http://www.jboss.org/" sealed="false" md5Digest="727d96b87187ac55da0742733f0a33ff"/>
  <jar name="jboss-classloader.jar" specVersion="2.0.3.GA" specVendor="JBoss, a division of Red Hat, Inc." specTitle="JBoss ClassLoader" implVersion="2.0.3.GA" implVendor="JBoss, a division of Red Hat, Inc." implTitle="JBoss ClassLoader" implVendorID="org.jboss.cl" implURL="http://www.jboss.org/jbossmc" sealed="false" md5Digest="31f6ab0be29f92c45344fc51908647a3"/>
  <jar name="jboss-classloading-spi.jar" specVersion="5.0.3.GA" specVendor="JBoss, a division of Red Hat, Inc." specTitle="JBoss ClassLoading 5.0.0 SPI" implVersion="5.0.3.GA" implVendor="JBoss, a division of Red Hat, Inc." implTitle="JBoss ClassLoading 5.0.0 SPI" implVendorID="org.jboss.integration" implURL="http://www.jboss.org" sealed="false" md5Digest="945511f76c1cfe216a99a9ad1d6df9e7"/>
  <jar name="jboss-classloading-vfs.jar" specVersion="2.0.3.GA" specVendor="JBoss, a division of Red Hat, Inc." specTitle="JBoss ClassLoading VFS" implVersion="2.0.3.GA" implVendor="JBoss, a division of Red Hat, Inc." implTitle="JBoss ClassLoading VFS" implVendorID="org.jboss.cl" implURL="http://www.jboss.org/jbossmc" sealed="false" md5Digest="4a869ebaa4cc036453a9dca76196a39c"/>
  <jar name="jboss-classloading.jar" specVersion="2.0.3.GA" specVendor="JBoss, a division of Red Hat, Inc." specTitle="JBoss ClassLoading" implVersion="2.0.3.GA" implVendor="JBoss, a division of Red Hat, Inc." implTitle="JBoss ClassLoading" implVendorID="org.jboss.cl" implURL="http://www.jboss.org/jbossmc" sealed="false" md5Digest="c301f11fc8bfbc01dfbbb17f421553c6"/>
  <jar name="jboss-client.jar" specVersion="5.0.1.GA" specVendor="JBoss (http://www.jboss.org/)" specTitle="JBoss" implVersion="5.0.1.GA (build: SVNTag=JBoss_5_0_1_GA date=200902232048)" implVendor="JBoss Inc." implTitle="JBoss [Morpheus]" implVendorID="http://www.jboss.org/" implURL="http://www.jboss.org/" sealed="false" md5Digest="c7b7d5da94409e85f5913f7a67170802"/>
  <jar name="jboss-common-core.jar" specVersion="2.2.11.GA" specVendor="JBoss, a division of Red Hat, Inc." specTitle="JBoss Common Classes" implVersion="2.2.11.GA" implVendor="JBoss, a division of Red Hat, Inc." implTitle="JBoss Common Classes" implVendorID="org.jboss" implURL="http://www.jboss.org" sealed="false" md5Digest="918c7c798b7575bc59b5224180a6c040"/>
  <jar name="jboss-common-jdbc-wrapper.jar" specVersion="5.0.1.GA" specVendor="JBoss (http://www.jboss.org/)" specTitle="JBoss" implVersion="5.0.1.GA (build: SVNTag=JBoss_5_0_1_GA date=200902232048)" implVendor="JBoss Inc." implTitle="JBoss [Morpheus]" implVendorID="http://www.jboss.org/" implURL="http://www.jboss.org/" sealed="false" md5Digest="786b07980bec8588349c8eebc9f874e0"/>
  <jar name="jboss-current-invocation-aspects.jar" specVersion="1.0.0.GA" specVendor="JBoss Inc." specTitle="JBoss Current Invocation Aspects" implVersion="1.0.0.GA" implVendor="JBoss Inc." implTitle="JBoss Current Invocation Aspects" implVendorID="org.jboss.aspects" implURL="http://www.jboss.org/jbossas" sealed="false" md5Digest="af11e5d8f5fdc83e2ff3a80d9a8740f7"/>
  <jar name="jboss-dependency.jar" specVersion="2.0.4.GA" specVendor="JBoss, a division of Red Hat, Inc." specTitle="JBoss Microcontainer Dependency" implVersion="2.0.4.GA" implVendor="JBoss, a division of Red Hat, Inc." implTitle="JBoss Microcontainer Dependency" implVendorID="org.jboss.microcontainer" implURL="http://www.jboss.com/products/jbossmc" sealed="false" md5Digest="8f6f21f62cf08c25f622b79604079110"/>
  <jar name="jboss-deployers-client-spi.jar" specVersion="2.0.5.GA" specVendor="JBoss, a division of Red Hat, Inc." specTitle="JBoss Deployers Client SPI" implVersion="2.0.5.GA" implVendor="JBoss, a division of Red Hat, Inc." implTitle="JBoss Deployers Client SPI" implVendorID="org.jboss.deployers" implURL="http://www.jboss.com/products/jbossmc" sealed="false" md5Digest="6af240ea6b63554b7f541d3d2d57c1ac"/>
  <jar name="jboss-deployers-client.jar" specVersion="2.0.5.GA" specVendor="JBoss, a division of Red Hat, Inc." specTitle="JBoss Deployers Client" implVersion="2.0.5.GA" implVendor="JBoss, a division of Red Hat, Inc." implTitle="JBoss Deployers Client" implVendorID="org.jboss.deployers" implURL="http://www.jboss.com/products/jbossmc" sealed="false" md5Digest="270be2ddbb99f7426bfc3ee0c9db4a85"/>
  <jar name="jboss-deployers-core-spi.jar" specVersion="2.0.5.GA" specVendor="JBoss, a division of Red Hat, Inc." specTitle="JBoss Deployers Core SPI" implVersion="2.0.5.GA" implVendor="JBoss, a division of Red Hat, Inc." implTitle="JBoss Deployers Core SPI" implVendorID="org.jboss.deployers" implURL="http://www.jboss.com/products/jbossmc" sealed="false" md5Digest="60123eb05fd97ccfed38c341baf63781"/>
  <jar name="jboss-deployers-core.jar" specVersion="2.0.5.GA" specVendor="JBoss, a division of Red Hat, Inc." specTitle="JBoss Deployers Core" implVersion="2.0.5.GA" implVendor="JBoss, a division of Red Hat, Inc." implTitle="JBoss Deployers Core" implVendorID="org.jboss.deployers" implURL="http://www.jboss.com/products/jbossmc" sealed="false" md5Digest="58cd2ead91ce5d34f345c0907dc1b67e"/>
  <jar name="jboss-deployers-impl.jar" specVersion="2.0.5.GA" specVendor="JBoss, a division of Red Hat, Inc." specTitle="JBoss Deployers Impl" implVersion="2.0.5.GA" implVendor="JBoss, a division of Red Hat, Inc." implTitle="JBoss Deployers Impl" implVendorID="org.jboss.deployers" implURL="http://www.jboss.com/products/jbossmc" sealed="false" md5Digest="f16617611f1c45370ae0784aa02ec44"/>
  <jar name="jboss-deployers-spi.jar" specVersion="2.0.5.GA" specVendor="JBoss, a division of Red Hat, Inc." specTitle="JBoss Deployers SPI" implVersion="2.0.5.GA" implVendor="JBoss, a division of Red Hat, Inc." implTitle="JBoss Deployers SPI" implVendorID="org.jboss.deployers" implURL="http://www.jboss.com/products/jbossmc" sealed="false" md5Digest="2ec66128694189273766ea395bf52e3c"/>
  <jar name="jboss-deployers-structure-spi.jar" specVersion="2.0.5.GA" specVendor="JBoss, a division of Red Hat, Inc." specTitle="JBoss Deployers Structure SPI" implVersion="2.0.5.GA" implVendor="JBoss, a division of Red Hat, Inc." implTitle="JBoss Deployers Structure SPI" implVendorID="org.jboss.deployers" implURL="http://www.jboss.com/products/jbossmc" sealed="false" md5Digest="cbe2a4523ca9698de7d1a2294157f49c"/>
  <jar name="jboss-deployers-vfs-spi.jar" specVersion="2.0.5.GA" specVendor="JBoss, a division of Red Hat, Inc." specTitle="JBoss Deployers VFS SPI" implVersion="2.0.5.GA" implVendor="JBoss, a division of Red Hat, Inc." implTitle="JBoss Deployers VFS SPI" implVendorID="org.jboss.deployers" implURL="http://www.jboss.com/products/jbossmc" sealed="false" md5Digest="525e25e17995b09cce9504610bb12250"/>
  <jar name="jboss-deployers-vfs.jar" specVersion="2.0.5.GA" specVendor="JBoss, a division of Red Hat, Inc." specTitle="JBoss Deployers VFS" implVersion="2.0.5.GA" implVendor="JBoss, a division of Red Hat, Inc." implTitle="JBoss Deployers VFS" implVendorID="org.jboss.deployers" implURL="http://www.jboss.com/products/jbossmc" sealed="false" md5Digest="82ca7ca611a11ce9d40df12a9cf6d4f4"/>
  <jar name="jboss-deployment.jar" specVersion="1.1" specVendor="Sun Microsystems, Inc." specTitle="J2EE Deployment API" implVersion="1.1-DEV" implVendor="JBoss Inc." implTitle="JBoss JSR-88 Deployment API" implVendorID="http://www.jboss.org/" implURL="http://www.jboss.org/" sealed="false" md5Digest="3339ed84972579e5f73fe8aca2df5146"/>
  <jar name="jboss-ejb3-cache.jar" specVersion="1.0.0" specVendor="JBoss Inc." specTitle="JBoss EJB 3.0 Cache" implVersion="1.0.0" implVendor="JBoss Inc." implTitle="JBoss EJB 3.0 Cache" implVendorID="org.jboss.ejb3" implURL="http://labs.jboss.com/jbossejb3/" sealed="false" md5Digest="17c8b22face7133da3aea9aeebec1cb3"/>
  <jar name="jboss-ejb3-common-client.jar" specVersion="5.0.1.GA" specVendor="JBoss (http://www.jboss.org/)" specTitle="JBoss" implVersion="5.0.1.GA (build: SVNTag=JBoss_5_0_1_GA date=200902232048)" implVendor="JBoss Inc." implTitle="JBoss [Morpheus]" implVendorID="http://www.jboss.org/" implURL="http://www.jboss.org/" sealed="false" md5Digest="a02d9b9eaf1f4543175e1f638e5d8712"/>
  <jar name="jboss-ejb3-common.jar" specVersion="1.0.0" specVendor="JBoss Inc." specTitle="JBoss EJB 3.0 Common Utilities" implVersion="1.0.0" implVendor="JBoss Inc." implTitle="JBoss EJB 3.0 Common Utilities" implVendorID="org.jboss.ejb3" implURL="http://www.jboss.org/jbossejb3/" sealed="false" md5Digest="4a7d3940c9af429082df67ca6668879f"/>
  <jar name="jboss-ejb3-core-client.jar" specVersion="5.0.1.GA" specVendor="JBoss (http://www.jboss.org/)" specTitle="JBoss" implVersion="5.0.1.GA (build: SVNTag=JBoss_5_0_1_GA date=200902232048)" implVendor="JBoss Inc." implTitle="JBoss [Morpheus]" implVendorID="http://www.jboss.org/" implURL="http://www.jboss.org/" sealed="false" md5Digest="d55218270a1f0e6e11cba75a26c57820"/>
  <jar name="jboss-ejb3-core.jar" specVersion="1.0.0" specVendor="JBoss Inc." specTitle="JBoss EJB 3.0 Core" implVersion="1.0.0" implVendor="JBoss Inc." implTitle="JBoss EJB 3.0 Core" implVendorID="org.jboss.ejb3" implURL="http://labs.jboss.com/jbossejb3" sealed="false" md5Digest="cdc275fe0bd7367fb0b0d23cc61539e2"/>
  <jar name="jboss-ejb3-deployer.jar" specVersion="JBoss EJB 3.0 RC7 - FD" specVendor="JBoss" specTitle="JBoss EJB 3.0" implVersion="JBoss EJB 3.0 RC7 - FD" implVendor="JBoss" implTitle="JBoss EJB 3.0" implVendorID="http://www.jboss.org/" implURL="http://www.jboss.com/products/ejb3" sealed="false" md5Digest="805d2a54e526f91d0605b7e20af929f7"/>
  <jar name="jboss-ejb3-deployers.jar" specVersion="1.0.0" specVendor="JBoss Inc." specTitle="JBoss EJB3 Deployers" implVersion="1.0.0" implVendor="JBoss Inc." implTitle="JBoss EJB3 Deployers" implVendorID="org.jboss.ejb3" implURL="http://labs.jboss.com/jbossejb3/jboss-ejb3-deployers" sealed="false" md5Digest="d6511b9a5010d837d3d35e6ad1e616c2"/>
  <jar name="jboss-ejb3-ext-api-impl.jar" specVersion="1.0.0" specVendor="JBoss Inc." specTitle="JBoss EJB 3.0 Implementation Classes" implVersion="1.0.0" implVendor="JBoss Inc." implTitle="JBoss EJB 3.0 Implementation Classes" implVendorID="org.jboss.ejb3" implURL="http://labs.jboss.com/jbossejb3/" sealed="false" md5Digest="16153f06c64582139c9b4d9445f72dfa"/>
  <jar name="jboss-ejb3-ext-api.jar" specVersion="1.0.0" specVendor="JBoss Inc." specTitle="JBoss EJB 3.0 External API" implVersion="1.0.0" implVendor="JBoss Inc." implTitle="JBoss EJB 3.0 External API" implVendorID="org.jboss.ejb3" implURL="http://labs.jboss.com/jbossejb3/" sealed="false" md5Digest="8b04d63cef7699640b79f6d0de218193"/>
  <jar name="jboss-ejb3-iiop.jar" specVersion="JBoss EJB 3.0 RC7 - FD" specVendor="JBoss" specTitle="JBoss EJB 3.0" implVersion="JBoss EJB 3.0 RC7 - FD" implVendor="JBoss" implTitle="JBoss EJB 3.0" implVendorID="http://www.jboss.org/" implURL="http://www.jboss.com/products/ejb3" sealed="false" md5Digest="c549777c8211860e17e03f397bdfe233"/>
  <jar name="jboss-ejb3-interceptors.jar" specVersion="1.0.0" specVendor="JBoss Inc." specTitle="JBoss EJB 3.0 Interceptors" implVersion="1.0.0" implVendor="JBoss Inc." implTitle="JBoss EJB 3.0 Interceptors" implVendorID="org.jboss.ejb3" implURL="http://www.jboss.org" sealed="false" md5Digest="6ebf25a49b9bed473eec47ffb49e7848"/>
  <jar name="jboss-ejb3-mc-int.jar" specVersion="1.0.0" specVendor="JBoss Inc." specTitle="JBoss EJB 3.x MicroContainer Integration" implVersion="1.0.0" implVendor="JBoss Inc." implTitle="JBoss EJB 3.x MicroContainer Integration" implVendorID="org.jboss.ejb3" implURL="http://www.jboss.org/jbossejb3/" sealed="false" md5Digest="328127d509320dd28976c4465ce57945"/>
  <jar name="jboss-ejb3-metadata.jar" specVersion="1.0.0" specVendor="JBoss Inc." specTitle="JBoss EJB 3.0 Meta Data bridge" implVersion="1.0.0" implVendor="JBoss Inc." implTitle="JBoss EJB 3.0 Meta Data bridge" implVendorID="org.jboss.ejb3" implURL="http://www.jboss.org" sealed="false" md5Digest="1de06f5603d550ff247c0da858da5a5a"/>
  <jar name="jboss-ejb3-proxy-client.jar" specVersion="5.0.1.GA" specVendor="JBoss (http://www.jboss.org/)" specTitle="JBoss" implVersion="5.0.1.GA (build: SVNTag=JBoss_5_0_1_GA date=200902232048)" implVendor="JBoss Inc." implTitle="JBoss [Morpheus]" implVendorID="http://www.jboss.org/" implURL="http://www.jboss.org/" sealed="false" md5Digest="29727d5c6555687fbb2ff6233a7bcacc"/>
  <jar name="jboss-ejb3-proxy-clustered-client.jar" specVersion="5.0.1.GA" specVendor="JBoss (http://www.jboss.org/)" specTitle="JBoss" implVersion="5.0.1.GA (build: SVNTag=JBoss_5_0_1_GA date=200902232048)" implVendor="JBoss Inc." implTitle="JBoss [Morpheus]" implVendorID="http://www.jboss.org/" implURL="http://www.jboss.org/" sealed="false" md5Digest="c9ff4f542714c68f3bb21c063db6ec0a"/>
  <jar name="jboss-ejb3-proxy-clustered.jar" specVersion="1.0.0" specVendor="JBoss Inc." specTitle="JBoss EJB 3.0 Clustered Proxy" implVersion="1.0.0" implVendor="JBoss Inc." implTitle="JBoss EJB 3.0 Clustered Proxy" implVendorID="org.jboss.ejb3" implURL="http://www.jboss.org/jbossejb3" sealed="false" md5Digest="755eaf76de4a357dadb259d52756d753"/>
  <jar name="jboss-ejb3-proxy.jar" specVersion="1.0.0" specVendor="JBoss Inc." specTitle="JBoss EJB 3.0 Proxy" implVersion="1.0.0" implVendor="JBoss Inc." implTitle="JBoss EJB 3.0 Proxy" implVendorID="org.jboss.ejb3" implURL="http://www.jboss.org/jbossejb3" sealed="false" md5Digest="86b27bc77cc4689fa35171b3a4db2c80"/>
  <jar name="jboss-ejb3-security-client.jar" specVersion="5.0.1.GA" specVendor="JBoss (http://www.jboss.org/)" specTitle="JBoss" implVersion="5.0.1.GA (build: SVNTag=JBoss_5_0_1_GA date=200902232048)" implVendor="JBoss Inc." implTitle="JBoss [Morpheus]" implVendorID="http://www.jboss.org/" implURL="http://www.jboss.org/" sealed="false" md5Digest="1b1e0f17a951657588b8dac500499703"/>
  <jar name="jboss-ejb3-security.jar" specVersion="1.0.0" specVendor="JBoss Inc." specTitle="JBoss EJB 3.0 Security" implVersion="1.0.0" implVendor="JBoss Inc." implTitle="JBoss EJB 3.0 Security" implVendorID="org.jboss.ejb3" implURL="http://labs.jboss.com/jbossejb3/" sealed="false" md5Digest="d14eb57a7312fb4213098b08802b3116"/>
  <jar name="jboss-ejb3-transactions.jar" specVersion="1.0.0" specVendor="JBoss Inc." specTitle="JBoss EJB 3.0 Transactions" implVersion="1.0.0" implVendor="JBoss Inc." implTitle="JBoss EJB 3.0 Transactions" implVendorID="org.jboss.ejb3" implURL="http://www.jboss.org" sealed="false" md5Digest="7faf0c9f0ac1ba22bd2d34f881d1501"/>
  <jar name="jboss-faces.jar" specVersion="5.0.1.GA" specVendor="JBoss (http://www.jboss.org/)" specTitle="JBoss" implVersion="5.0.1.GA (build: SVNTag=JBoss_5_0_1_GA date=200902232048)" implVendor="JBoss Inc." implTitle="JBoss [Morpheus]" implVendorID="http://www.jboss.org/" implURL="http://www.jboss.org/" sealed="false" md5Digest="e216dac7314a0ac4545607b17e6c2708"/>
  <jar name="jboss-ha-client.jar" specVersion="1.1.1.GA" specVendor="JBoss, a division of Red Hat, Inc." specTitle="JBoss Cluster HA Client Classes" implVersion="1.1.1.GA" implVendor="JBoss, a division of Red Hat, Inc." implTitle="JBoss Cluster HA Client Classes" implVendorID="org.jboss.cluster" implURL="http://www.jboss.org" sealed="false" md5Digest="47436365dc7be060b5ab036605f9b2fa"/>
  <jar name="jboss-ha-legacy-client.jar" specVersion="5.0.1.GA" specVendor="JBoss (http://www.jboss.org/)" specTitle="JBoss" implVersion="5.0.1.GA (build: SVNTag=JBoss_5_0_1_GA date=200902232048)" implVendor="JBoss Inc." implTitle="JBoss [Morpheus]" implVendorID="http://www.jboss.org/" implURL="http://www.jboss.org/" sealed="false" md5Digest="e62207c0456f345afb821c73d26d0c9d"/>
  <jar name="jboss-ha-server-api.jar" specVersion="1.1.0.GA" specVendor="JBoss, a division of Red Hat, Inc." specTitle="JBoss Cluster HA Server API Classes" implVersion="1.1.0.GA" implVendor="JBoss, a division of Red Hat, Inc." implTitle="JBoss Cluster HA Server API Classes" implVendorID="org.jboss.cluster" implURL="http://www.jboss.org" sealed="false" md5Digest="a206e47b69feab8185db4d78d4fb9d64"/>
  <jar name="jboss-ha-server-cache-jbc.jar" specVersion="1.1.0.GA" specVendor="JBoss, a division of Red Hat, Inc." specTitle="JBoss AS - JBoss Cache Integration Implementation" implVersion="1.1.0.GA" implVendor="JBoss, a division of Red Hat, Inc." implTitle="JBoss AS - JBoss Cache Integration Implementation" implVendorID="org.jboss.cluster" implURL="http://www.jboss.org" sealed="false" md5Digest="f3183ed6c69caf58079f55259e186006"/>
  <jar name="jboss-ha-server-cache-spi.jar" specVersion="1.1.0.GA" specVendor="JBoss, a division of Red Hat, Inc." specTitle="JBoss AS - JBoss Cache Integration SPI" implVersion="1.1.0.GA" implVendor="JBoss, a division of Red Hat, Inc." implTitle="JBoss AS - JBoss Cache Integration SPI" implVendorID="org.jboss.cluster" implURL="http://www.jboss.org" sealed="false" md5Digest="8efd46ee4c799ee7af921e288ee7b91e"/>
  <jar name="jboss-hibernate.jar" specVersion="5.0.1.GA" specVendor="JBoss (http://www.jboss.org/)" specTitle="JBoss" implVersion="5.0.1.GA (build: SVNTag=JBoss_5_0_1_GA date=200902232048)" implVendor="JBoss Inc." implTitle="JBoss [Morpheus]" implVendorID="http://www.jboss.org/" implURL="http://www.jboss.org/" sealed="false" md5Digest="13f5335f177f85e560031e0b34542022"/>
  <jar name="jboss-iiop-client.jar" specVersion="5.0.1.GA" specVendor="JBoss (http://www.jboss.org/)" specTitle="JBoss" implVersion="5.0.1.GA (build: SVNTag=JBoss_5_0_1_GA date=200902232048)" implVendor="JBoss Inc." implTitle="JBoss [Morpheus]" implVendorID="http://www.jboss.org/" implURL="http://www.jboss.org/" sealed="false" md5Digest="d25d3b024918b0477d7ca17b8255b6e2"/>
  <jar name="jboss-iiop.jar" specVersion="5.0.1.GA" specVendor="JBoss (http://www.jboss.org/)" specTitle="JBoss" implVersion="5.0.1.GA (build: SVNTag=JBoss_5_0_1_GA date=200902232048)" implVendor="JBoss Inc." implTitle="JBoss [Morpheus]" implVendorID="http://www.jboss.org/" implURL="http://www.jboss.org/" sealed="false" md5Digest="f316e7d2110e2b20e13115c963fb29a8"/>
  <jar name="jboss-integration.jar" specVersion="5.0.1.GA" specVendor="JBoss (http://www.jboss.org/)" specTitle="JBoss" implVersion="5.0.1.GA (build: SVNTag=JBoss_5_0_1_GA date=200902232048)" implVendor="JBoss Inc." implTitle="JBoss [Morpheus]" implVendorID="http://www.jboss.org/" implURL="http://www.jboss.org/" sealed="false" md5Digest="2abb91d6549dff82070f5c77e1544d7e"/>
  <jar name="jboss-j2se.jar" specVersion="5.0.1.GA" specVendor="JBoss (http://www.jboss.org/)" specTitle="JBoss" implVersion="5.0.1.GA (build: SVNTag=JBoss_5_0_1_GA date=200902232048)" implVendor="JBoss Inc." implTitle="JBoss [Morpheus]" implVendorID="http://www.jboss.org/" implURL="http://www.jboss.org/" sealed="false" md5Digest="728e2c3f570a9506347d08fb2c55ddb0"/>
  <jar name="jboss-jaspi-api.jar" specVersion="1.0.0.GA" specVendor="JBoss Inc." specTitle="JBoss Java Authentication SPI for Containers 1.0-PR API" implVersion="1.0.0.GA" implVendor="JBoss Inc." implTitle="JBoss Java Authentication SPI for Containers 1.0-PR API" implVendorID="org.jboss.javaee" implURL="http://www.jboss.org" sealed="false" md5Digest="991a0e9b0b395a7b1df5a03e5f591516"/>
  <jar name="jboss-javaee.jar" specVersion="5.0.1.GA" specVendor="JBoss (http://www.jboss.org/)" specTitle="JBoss" implVersion="5.0.1.GA (build: SVNTag=JBoss_5_0_1_GA date=200902232048)" implVendor="JBoss Inc." implTitle="JBoss [Morpheus]" implVendorID="http://www.jboss.org/" implURL="http://www.jboss.org/" sealed="false" md5Digest="2121cabdf4676bbf83528af790102546"/>
  <jar name="jboss-jaxb-intros.jar" specVersion="jboss-jaxbintros-1.0" specVendor="JBoss (http://www.jboss.org)" specTitle="JBossJAXBIntros" implVersion="jbossws-1.0.0.GA (build=200811102211)" implVendor="JBoss Inc." implTitle="JBoss JAXBIntros " implVendorID="http://www.jboss.org" implURL="http://www.jboss.org/products/jbossws" sealed="false" md5Digest="f250d6315995d32881452b2342438975"/>
  <jar name="jboss-jca-deployer.jar" specVersion="5.0.1.GA" specVendor="JBoss (http://www.jboss.org/)" specTitle="JBoss" implVersion="5.0.1.GA (build: SVNTag=JBoss_5_0_1_GA date=200902232048)" implVendor="JBoss Inc." implTitle="JBoss [Morpheus]" implVendorID="http://www.jboss.org/" implURL="http://www.jboss.org/" sealed="false" md5Digest="f1eb702ee64c8afb2a224b94556859d1"/>
  <jar name="jboss-jca.jar" specVersion="5.0.1.GA" specVendor="JBoss (http://www.jboss.org/)" specTitle="JBoss" implVersion="5.0.1.GA (build: SVNTag=JBoss_5_0_1_GA date=200902232048)" implVendor="JBoss Inc." implTitle="JBoss [Morpheus]" implVendorID="http://www.jboss.org/" implURL="http://www.jboss.org/" sealed="false" md5Digest="c30fd4a055e56fef2eaaa03bd99c17b2"/>
  <jar name="jboss-jmx-remoting.jar" specVersion="5.0.1.GA" specVendor="JBoss (http://www.jboss.org/)" specTitle="JBoss" implVersion="5.0.1.GA (build: SVNTag=JBoss_5_0_1_GA date=200902232048)" implVendor="JBoss Inc." implTitle="JBoss [Morpheus]" implVendorID="http://www.jboss.org/" implURL="http://www.jboss.org/" sealed="false" md5Digest="ef981f9caf4fa22605da8d6f53c9d613"/>
  <jar name="jboss-jmx.jar" specVersion="5.0.1.GA" specVendor="JBoss (http://www.jboss.org/)" specTitle="JBoss" implVersion="5.0.1.GA (build: SVNTag=JBoss_5_0_1_GA date=200902232048)" implVendor="JBoss Inc." implTitle="JBoss [Morpheus]" implVendorID="http://www.jboss.org/" implURL="http://www.jboss.org/" sealed="false" md5Digest="967566ae597bc0d87530a7b347d2522b"/>
  <jar name="jboss-jpa-deployers.jar" specVersion="1.0.0-CR1" specVendor="JBoss, a division of Red Hat, Inc." specTitle="JBoss Container Managed JPA Deployers" implVersion="1.0.0-CR1" implVendor="JBoss, a division of Red Hat, Inc." implTitle="JBoss Container Managed JPA Deployers" implVendorID="org.jboss.jpa" implURL="http://www.jboss.org/jboss-jpa-build/jboss-jpa-deployers" sealed="false" md5Digest="9898e203f9b63ef5fa2bc8aad51b2b01"/>
  <jar name="jboss-jsr77-client.jar" specVersion="5.0.1.GA" specVendor="JBoss (http://www.jboss.org/)" specTitle="JBoss" implVersion="5.0.1.GA (build: SVNTag=JBoss_5_0_1_GA date=200902232048)" implVendor="JBoss Inc." implTitle="JBoss [Morpheus]" implVendorID="http://www.jboss.org/" implURL="http://www.jboss.org/" sealed="false" md5Digest="d23bdc08a7faa458ed7c6cf48a60bbde"/>
  <jar name="jboss-jsr77.jar" specVersion="5.0.1.GA" specVendor="JBoss (http://www.jboss.org/)" specTitle="JBoss" implVersion="5.0.1.GA (build: SVNTag=JBoss_5_0_1_GA date=200902232048)" implVendor="JBoss Inc." implTitle="JBoss [Morpheus]" implVendorID="http://www.jboss.org/" implURL="http://www.jboss.org/" sealed="false" md5Digest="365d79e77846f9ccce739a9d1e0ffa5d"/>
  <jar name="jboss-jsr88.jar" specVersion="5.0.1.GA" specVendor="JBoss (http://www.jboss.org/)" specTitle="JBoss" implVersion="5.0.1.GA (build: SVNTag=JBoss_5_0_1_GA date=200902232048)" implVendor="JBoss Inc." implTitle="JBoss [Morpheus]" implVendorID="http://www.jboss.org/" implURL="http://www.jboss.org/" sealed="false" md5Digest="43b3cc6b625fc6d8c4e4f265581769f8"/>
  <jar name="jboss-kernel.jar" specVersion="2.0.4.GA" specVendor="JBoss, a division of Red Hat, Inc." specTitle="JBoss Microcontainer Kernel" implVersion="2.0.4.GA" implVendor="JBoss, a division of Red Hat, Inc." implTitle="JBoss Microcontainer Kernel" implVendorID="org.jboss.microcontainer" implURL="http://www.jboss.com/products/jbossmc" sealed="false" md5Digest="edcef656d33032187abb7e0c58b75e5d"/>
  <jar name="jboss-local-jdbc.rar" specVersion="5.0.1.GA" specVendor="JBoss (http://www.jboss.org/)" specTitle="JBoss" implVersion="5.0.1.GA (build: SVNTag=JBoss_5_0_1_GA date=200902232048)" implVendor="JBoss Inc." implTitle="JBoss [Morpheus]" implVendorID="http://www.jboss.org/" implURL="http://www.jboss.org/" sealed="false" md5Digest="839b1c734977c52264a3d04a686484fe"/>
  <jar name="jboss-logging-jdk.jar" specVersion="2.0.5.GA" specVendor="JBoss Inc." specTitle="JBoss Logging JDK" implVersion="2.0.5.GA" implVendor="JBoss Inc." implTitle="JBoss Logging JDK" implVendorID="org.jboss.logging" implURL="http://www.jboss.org" sealed="false" md5Digest="b7726dbb5070af010a9e545d20552029"/>
  <jar name="jboss-logging-log4j.jar" specVersion="2.0.5.GA" specVendor="JBoss Inc." specTitle="JBoss Logging Log4j" implVersion="2.0.5.GA" implVendor="JBoss Inc." implTitle="JBoss Logging Log4j" implVendorID="org.jboss.logging" implURL="http://www.jboss.org" sealed="false" md5Digest="9a0505c5a8f96e52ad82628ebf98b27a"/>
  <jar name="jboss-logging-spi.jar" specVersion="2.0.5.GA" specVendor="JBoss Inc." specTitle="JBoss Logging Programming Interface" implVersion="2.0.5.GA" implVendor="JBoss Inc." implTitle="JBoss Logging Programming Interface" implVendorID="org.jboss.logging" implURL="http://www.jboss.org" sealed="false" md5Digest="9225937c38d6e714bae690a1ee593ac1"/>
  <jar name="jboss-main-client.jar" specVersion="5.0.1.GA" specVendor="JBoss (http://www.jboss.org/)" specTitle="JBoss" implVersion="5.0.1.GA (build: SVNTag=JBoss_5_0_1_GA date=200902232048)" implVendor="JBoss Inc." implTitle="JBoss [Morpheus]" implVendorID="http://www.jboss.org/" implURL="http://www.jboss.org/" sealed="false" md5Digest="1c168cc5963b24bcf5af629dab3325a9"/>
  <jar name="jboss-main.jar" specVersion="5.0.1.GA" specVendor="JBoss (http://www.jboss.org/)" specTitle="JBoss" implVersion="5.0.1.GA (build: SVNTag=JBoss_5_0_1_GA date=200902232048)" implVendor="JBoss Inc." implTitle="JBoss [Morpheus]" implVendorID="http://www.jboss.org/" implURL="http://www.jboss.org/" sealed="false" md5Digest="6aa408bf378607b130e5442c8545644b"/>
  <jar name="jboss-managed.jar" specVersion="2.0.0.GA" specVendor="JBoss, a division of Red Hat, Inc." specTitle="JBoss Managed" implVersion="2.0.0.GA" implVendor="JBoss, a division of Red Hat, Inc." implTitle="JBoss Managed" implVendorID="org.jboss.man" implURL="http://www.jboss.com/products/jbossmc" sealed="false" md5Digest="acab56715c9fd274c54e4e3cb8b6e148"/>
  <jar name="jboss-management.jar" specVersion="5.0.1.GA" specVendor="JBoss (http://www.jboss.org/)" specTitle="JBoss" implVersion="5.0.1.GA (build: SVNTag=JBoss_5_0_1_GA date=200902232048)" implVendor="JBoss Inc." implTitle="JBoss [Morpheus]" implVendorID="http://www.jboss.org/" implURL="http://www.jboss.org/" sealed="false" md5Digest="df13f359582facb0bd4d2ac118c548f1"/>
  <jar name="jboss-mbeans.jar" specVersion="5.0.1.GA" specVendor="JBoss (http://www.jboss.org/)" specTitle="JBoss" implVersion="5.0.1.GA (build: SVNTag=JBoss_5_0_1_GA date=200902232048)" implVendor="JBoss Inc." implTitle="JBoss [Morpheus]" implVendorID="http://www.jboss.org/" implURL="http://www.jboss.org/" sealed="false" md5Digest="c298a9b9c9c7edaabca0d9ba36991ab7"/>
  <jar name="jboss-mdr.jar" specVersion="2.0.1.GA" specVendor="JBoss, a division of Red Hat, Inc." specTitle="JBoss MetaData Repository" implVersion="2.0.1.GA" implVendor="JBoss, a division of Red Hat, Inc." implTitle="JBoss MetaData Repository" implVendorID="org.jboss" implURL="http://www.jboss.com/products/jbossmc" sealed="false" md5Digest="e463e0cb001b93647ef551a17a2495d5"/>
  <jar name="jboss-messaging-client.jar" specVersion="5.0.1.GA" specVendor="JBoss (http://www.jboss.org/)" specTitle="JBoss" implVersion="5.0.1.GA (build: SVNTag=JBoss_5_0_1_GA date=200902232048)" implVendor="JBoss Inc." implTitle="JBoss [Morpheus]" implVendorID="http://www.jboss.org/" implURL="http://www.jboss.org/" sealed="false" md5Digest="e3df1ff914d40d429be805be9d04cdd1"/>
  <jar name="jboss-messaging-int.jar" specVersion="5.0.1.GA" specVendor="JBoss (http://www.jboss.org/)" specTitle="JBoss" implVersion="5.0.1.GA (build: SVNTag=JBoss_5_0_1_GA date=200902232048)" implVendor="JBoss Inc." implTitle="JBoss [Morpheus]" implVendorID="http://www.jboss.org/" implURL="http://www.jboss.org/" sealed="false" md5Digest="504826ea373dac893a809f67eb083fbf"/>
  <jar name="jboss-messaging.jar" specVersion="1.4.1.GA" specVendor="JBoss Inc. (http://www.jboss.org/)" specTitle="JBoss Messaging" implVersion="1.4.1.GA (build: CVSTag=JBossMessaging_1_4_1_GA date=200811251945)" implVendor="JBoss Inc. (http://www.jboss.org/)" implTitle="JBoss Messaging" implVendorID="http://www.jboss.org/" implURL="http://www.jboss.org/" sealed="false" md5Digest="b57372e22c1a6cbe9e3af544d54657a9"/>
  <jar name="jboss-metadata.jar" specVersion="1.0.0.CR16" specVendor="JBoss, a division of Red Hat, Inc." specTitle="JBoss Metadata" implVersion="1.0.0.CR16" implVendor="JBoss, a division of Red Hat, Inc." implTitle="JBoss Metadata" implVendorID="org.jboss.metadata" implURL="http://www.jboss.org" sealed="false" md5Digest="49a02cd8b479cf11ea150f9f52f26829"/>
  <jar name="jboss-metatype.jar" specVersion="2.0.0.GA" specVendor="JBoss, a division of Red Hat, Inc." specTitle="JBoss Metatype" implVersion="2.0.0.GA" implVendor="JBoss, a division of Red Hat, Inc." implTitle="JBoss Metatype" implVendorID="org.jboss.man" implURL="http://www.jboss.com/products/jbossmc" sealed="false" md5Digest="d97288055b9d64a1d1de8c0145a9e68a"/>
  <jar name="jboss-minimal.jar" specVersion="5.0.1.GA" specVendor="JBoss (http://www.jboss.org/)" specTitle="JBoss" implVersion="5.0.1.GA (build: SVNTag=JBoss_5_0_1_GA date=200902232048)" implVendor="JBoss Inc." implTitle="JBoss [Morpheus]" implVendorID="http://www.jboss.org/" implURL="http://www.jboss.org/" sealed="false" md5Digest="67d7013017b98f7124840b89c725c51d"/>
  <jar name="jboss-monitoring.jar" specVersion="5.0.1.GA" specVendor="JBoss (http://www.jboss.org/)" specTitle="JBoss" implVersion="5.0.1.GA (build: SVNTag=JBoss_5_0_1_GA date=200902232048)" implVendor="JBoss Inc." implTitle="JBoss [Morpheus]" implVendorID="http://www.jboss.org/" implURL="http://www.jboss.org/" sealed="false" md5Digest="62be0c2746b35877ba2ad1b0bcef41f5"/>
  <jar name="jboss-profileservice-spi.jar" specVersion="5.0.3.GA" specVendor="JBoss, a division of Red Hat, Inc." specTitle="JBoss ProfileService 5.0.0 SPI" implVersion="5.0.3.GA" implVendor="JBoss, a division of Red Hat, Inc." implTitle="JBoss ProfileService 5.0.0 SPI" implVendorID="org.jboss.integration" implURL="http://www.jboss.org" sealed="false" md5Digest="33bdb888b5de420d583afd1465cd124f"/>
  <jar name="jboss-profileservice.jar" specVersion="5.0.1.GA" specVendor="JBoss (http://www.jboss.org/)" specTitle="JBoss" implVersion="5.0.1.GA (build: SVNTag=JBoss_5_0_1_GA date=200902232048)" implVendor="JBoss Inc." implTitle="JBoss [Morpheus]" implVendorID="http://www.jboss.org/" implURL="http://www.jboss.org/" sealed="false" md5Digest="9f29d48940c17ca9a072ae2a6db901a8"/>
  <jar name="jboss-reflect.jar" specVersion="2.0.2.GA" specVendor="JBoss, a division of Red Hat, Inc." specTitle="JBoss Reflection" implVersion="2.0.2.GA" implVendor="JBoss, a division of Red Hat, Inc." implTitle="JBoss Reflection" implVendorID="org.jboss" implURL="http://www.jboss.com/products/jbossmc" sealed="false" md5Digest="51116b535f68991c741a9bae6c96a998"/>
  <jar name="jboss-remoting-aspects.jar" specVersion="1.0.1.GA" specVendor="JBoss Inc." specTitle="JBoss Remoting Aspects" implVersion="1.0.1.GA" implVendor="JBoss Inc." implTitle="JBoss Remoting Aspects" implVendorID="org.jboss.aspects" implURL="http://www.jboss.org/jbossas" sealed="false" md5Digest="2eb5a0ce4ce068350ad83b992d480ba0"/>
  <jar name="jboss-remoting.jar" specVersion="5.0.1.GA" specVendor="JBoss (http://www.jboss.org/)" specTitle="JBoss" implVersion="5.0.1.GA (build: SVNTag=JBoss_5_0_1_GA date=200902232048)" implVendor="JBoss Inc." implTitle="JBoss [Morpheus]" implVendorID="http://www.jboss.org/" implURL="http://www.jboss.org/" sealed="false" md5Digest="b650f44741d4276bafae6142e116a132"/>
  <jar name="jboss-seam-int-jbossas.jar" specVersion="5.0.2.GA" specVendor="JBoss, a division of Red Hat, Inc." specTitle="JBoss Seam Int JBossAS" implVersion="5.0.2.GA" implVendor="JBoss, a division of Red Hat, Inc." implTitle="JBoss Seam Int JBossAS" implVendorID="org.jboss.seam.integration" implURL="http://www.jboss.org/jbossmc/jboss-seam-int-jbossas" sealed="false" md5Digest="b033225c9d5aab15ffdcf5077719e73"/>
  <jar name="jboss-seam-int-microcontainer.jar" specVersion="5.0.2.GA" specVendor="JBoss, a division of Red Hat, Inc." specTitle="JBoss Seam Int Microcontainer" implVersion="5.0.2.GA" implVendor="JBoss, a division of Red Hat, Inc." implTitle="JBoss Seam Int Microcontainer" implVendorID="org.jboss.seam.integration" implURL="http://www.jboss.org/jbossmc/jboss-seam-int-microcontainer" sealed="false" md5Digest="d96e3b6dfd5bd450b81650dd794ca4e1"/>
  <jar name="jboss-security-aspects.jar" specVersion="1.0.0.GA" specVendor="JBoss Inc." specTitle="JBoss Security Aspects" implVersion="1.0.0.GA" implVendor="JBoss Inc." implTitle="JBoss Security Aspects" implVendorID="org.jboss.aspects" implURL="http://www.jboss.org/jbossas/" sealed="false" md5Digest="6fb06fbb6a4c541ae43b79daa3405276"/>
  <jar name="jboss-security-spi.jar" specVersion="5.0.1.GA" specVendor="JBoss Inc." specTitle="JBoss Security is a cross cutting project that handles security for the JEMS projects" implVersion="2.0.2.SP6" implVendor="JBoss Inc." implTitle="jboss-security-spi" implVendorID="http://www.jboss.org/" implURL="http://www.jboss.org/" sealed="false" md5Digest="2c2d083a0e7b2447b441ad92b6765f0f"/>
  <jar name="jboss-serialization.jar" specVersion="5.0.1.GA" specVendor="JBoss (http://www.jboss.org/)" specTitle="JBoss" implVersion="5.0.1.GA (build: SVNTag=JBoss_5_0_1_GA date=200902232048)" implVendor="JBoss Inc." implTitle="JBoss [Morpheus]" implVendorID="http://www.jboss.org/" implURL="http://www.jboss.org/" sealed="false" md5Digest="706acdc7111eb4d4f5ebf70f3e6e16c2"/>
  <jar name="jboss-srp-client.jar" specVersion="5.0.1.GA" specVendor="JBoss (http://www.jboss.org/)" specTitle="JBoss" implVersion="5.0.1.GA (build: SVNTag=JBoss_5_0_1_GA date=200902232048)" implVendor="JBoss Inc." implTitle="JBoss [Morpheus]" implVendorID="http://www.jboss.org/" implURL="http://www.jboss.org/" sealed="false" md5Digest="d8601cbed00c2c42370acd2bc9ae719a"/>
  <jar name="jboss-srp.jar" specVersion="5.0.1.GA" specVendor="JBoss (http://www.jboss.org/)" specTitle="JBoss" implVersion="5.0.1.GA (build: SVNTag=JBoss_5_0_1_GA date=200902232048)" implVendor="JBoss Inc." implTitle="JBoss [Morpheus]" implVendorID="http://www.jboss.org/" implURL="http://www.jboss.org/" sealed="false" md5Digest="fabcdca78d581395f734fe9b30698938"/>
  <jar name="jboss-sunxacml.jar" specVersion="2.0.2.SP1" specVendor="JBoss, a division of Red Hat, Inc." specTitle="JBoss port of sunxacml" implVersion="2.0.2.SP1" implVendor="JBoss, a division of Red Hat, Inc." implTitle="JBoss port of sunxacml" implVendorID="org.jboss.security" implURL="http://www.jboss.org" sealed="false" md5Digest="fa54680e83a52b12e01388e2a3d599c8"/>
  <jar name="jboss-system-client.jar" specVersion="5.0.1.GA" specVendor="JBoss (http://www.jboss.org/)" specTitle="JBoss" implVersion="5.0.1.GA (build: SVNTag=JBoss_5_0_1_GA date=200902232048)" implVendor="JBoss Inc." implTitle="JBoss [Morpheus]" implVendorID="http://www.jboss.org/" implURL="http://www.jboss.org/" sealed="false" md5Digest="6789ddbcb1a84b109b2c99d709c8ba0d"/>
  <jar name="jboss-system-jmx-client.jar" specVersion="5.0.1.GA" specVendor="JBoss (http://www.jboss.org/)" specTitle="JBoss" implVersion="5.0.1.GA (build: SVNTag=JBoss_5_0_1_GA date=200902232048)" implVendor="JBoss Inc." implTitle="JBoss [Morpheus]" implVendorID="http://www.jboss.org/" implURL="http://www.jboss.org/" sealed="false" md5Digest="84ab48352a24ed08e196b44420f825c3"/>
  <jar name="jboss-system-jmx.jar" specVersion="5.0.1.GA" specVendor="JBoss (http://www.jboss.org/)" specTitle="JBoss" implVersion="5.0.1.GA (build: SVNTag=JBoss_5_0_1_GA date=200902232048)" implVendor="JBoss Inc." implTitle="JBoss [Morpheus]" implVendorID="http://www.jboss.org/" implURL="http://www.jboss.org/" sealed="false" md5Digest="6d8a33506b67103e0810b0feefc8d11f"/>
  <jar name="jboss-system.jar" specVersion="5.0.1.GA" specVendor="JBoss (http://www.jboss.org/)" specTitle="JBoss" implVersion="5.0.1.GA (build: SVNTag=JBoss_5_0_1_GA date=200902232048)" implVendor="JBoss Inc." implTitle="JBoss [Morpheus]" implVendorID="http://www.jboss.org/" implURL="http://www.jboss.org/" sealed="false" md5Digest="879374d528d68f61efe121aa1a6d913"/>
  <jar name="jboss-transaction-aspects.jar" specVersion="1.0.0.GA" specVendor="JBoss Inc." specTitle="JBoss Transaction Aspects" implVersion="1.0.0.GA" implVendor="JBoss Inc." implTitle="JBoss Transaction Aspects" implVendorID="org.jboss.aspects" implURL="http://www.jboss.org/jbossas/" sealed="false" md5Digest="84d1b57c978e1df937e833909a2d5fc7"/>
  <jar name="jboss-vfs.jar" specVersion="2.1.0.GA" specVendor="JBoss, A division of Red Hat, Inc" specTitle="JBoss VFS" implVersion="2.1.0.GA" implVendor="JBoss, A division of Red Hat, Inc" implTitle="JBoss VFS" implVendorID="org.jboss" implURL="http://www.jboss.org" sealed="false" md5Digest="b8394f11e2276ad73c09bf394fc25c34"/>
  <jar name="jboss-web-deployer.jar" specVersion="5.0.1.GA" specVendor="JBoss (http://www.jboss.org/)" specTitle="JBoss" implVersion="5.0.1.GA (build: SVNTag=JBoss_5_0_1_GA date=200902232048)" implVendor="JBoss Inc." implTitle="JBoss [Morpheus]" implVendorID="http://www.jboss.org/" implURL="http://www.jboss.org/" sealed="false" md5Digest="649f0086a92df4b7664ad6dfa6e4675c"/>
  <jar name="jboss-web-service.jar" specVersion="5.0.1.GA" specVendor="JBoss (http://www.jboss.org/)" specTitle="JBoss" implVersion="5.0.1.GA (build: SVNTag=JBoss_5_0_1_GA date=200902232048)" implVendor="JBoss Inc." implTitle="JBoss [Morpheus]" implVendorID="http://www.jboss.org/" implURL="http://www.jboss.org/" sealed="false" md5Digest="9cfd1f1960462d728bf93d71eade3c37"/>
  <jar name="jboss-xa-jdbc.rar" specVersion="5.0.1.GA" specVendor="JBoss (http://www.jboss.org/)" specTitle="JBoss" implVersion="5.0.1.GA (build: SVNTag=JBoss_5_0_1_GA date=200902232048)" implVendor="JBoss Inc." implTitle="JBoss [Morpheus]" implVendorID="http://www.jboss.org/" implURL="http://www.jboss.org/" sealed="false" md5Digest="f60c74a78fcd7bf4436b0e0dafac8aa9"/>
  <jar name="jboss-xacml.jar" specVersion="2.0.2.SP1" specVendor="JBoss, a division of Red Hat, Inc." specTitle="JBoss XACML" implVersion="2.0.2.SP1" implVendor="JBoss, a division of Red Hat, Inc." implTitle="JBoss XACML" implVendorID="org.jboss.security" implURL="http://www.jboss.org" sealed="false" md5Digest="57086bdac4fbc02d707faabb527be088"/>
  <jar name="jboss-xml-binding.jar" specVersion="2.0.0.GA" specVendor="JBoss Inc." specTitle="JBoss XML Binding" implVersion="2.0.0.GA" implVendor="JBoss Inc." implTitle="JBoss XML Binding" implVendorID="org.jboss" implURL="http://www.jboss.org" sealed="false" md5Digest="7e699fdd07d9b6d5c43c27e9cb37dd5e"/>
  <jar name="jboss.jar" specVersion="5.0.1.GA" specVendor="JBoss (http://www.jboss.org/)" specTitle="JBoss" implVersion="5.0.1.GA (build: SVNTag=JBoss_5_0_1_GA date=200902232048)" implVendor="JBoss Inc." implTitle="JBoss [Morpheus]" implVendorID="http://www.jboss.org/" implURL="http://www.jboss.org/" sealed="false" md5Digest="fda1313becd77d7e7f376487fa90b596"/>
  <jar name="jbossall-client.jar" specVersion="5.0.1.GA" specVendor="JBoss (http://www.jboss.org/)" specTitle="JBoss" implVersion="5.0.1.GA (build: SVNTag=JBoss_5_0_1_GA date=200902232048)" implVendor="JBoss Inc." implTitle="JBoss [Morpheus]" implVendorID="http://www.jboss.org/" implURL="http://www.jboss.org/" sealed="false" md5Digest="a03c45057d1b0df18b0c1f5450f100b3"/>
  <jar name="jbossas-jmx-remoting.jar" specVersion="5.0.1.GA" specVendor="JBoss (http://www.jboss.org/)" specTitle="JBoss" implVersion="5.0.1.GA (build: SVNTag=JBoss_5_0_1_GA date=200902232048)" implVendor="JBoss Inc." implTitle="JBoss [Morpheus]" implVendorID="http://www.jboss.org/" implURL="http://www.jboss.org/" sealed="false" md5Digest="e696fab736fc0b1620ce5fba839db663"/>
  <jar name="jbossas-remoting.jar" specVersion="5.0.1.GA" specVendor="JBoss (http://www.jboss.org/)" specTitle="JBoss" implVersion="5.0.1.GA (build: SVNTag=JBoss_5_0_1_GA date=200902232048)" implVendor="JBoss Inc." implTitle="JBoss [Morpheus]" implVendorID="http://www.jboss.org/" implURL="http://www.jboss.org/" sealed="false" md5Digest="5fa72b07ba20c2543681e63dfab4aa09"/>
  <jar name="jbosscache-core.jar" specVersion="3.0.2.GA" specVendor="JBoss, a division of Red Hat" specTitle="JBoss Cache - Core Edition" implVersion="3.0.2.GA" implVendor="JBoss, a division of Red Hat" implTitle="JBoss Cache - Core Edition" implVendorID="org.jboss.cache" implURL="http://www.jboss.org/" sealed="false" md5Digest="d90c5064e196dd8c0e47c4822fdcbbcf"/>
  <jar name="jbosscache-pojo.jar" specVersion="3.0.0.GA" specVendor="JBoss, a division of Red Hat" specTitle="JBoss Cache - POJO Edition" implVersion="3.0.0.GA" implVendor="JBoss, a division of Red Hat" implTitle="JBoss Cache - POJO Edition" implVendorID="org.jboss.cache" implURL="http://www.jboss.org/" sealed="false" md5Digest="f567e6ace638d770bc96bf7a7c93fca"/>
  <jar name="jbosscx-client.jar" specVersion="5.0.1.GA" specVendor="JBoss (http://www.jboss.org/)" specTitle="JBoss" implVersion="5.0.1.GA (build: SVNTag=JBoss_5_0_1_GA date=200902232048)" implVendor="JBoss Inc." implTitle="JBoss [Morpheus]" implVendorID="http://www.jboss.org/" implURL="http://www.jboss.org/" sealed="false" md5Digest="6081ec907c3cfd532da7ddb7c70ec985"/>
  <jar name="jbossha.jar" specVersion="5.0.1.GA" specVendor="JBoss (http://www.jboss.org/)" specTitle="JBoss" implVersion="5.0.1.GA (build: SVNTag=JBoss_5_0_1_GA date=200902232048)" implVendor="JBoss Inc." implTitle="JBoss [Morpheus]" implVendorID="http://www.jboss.org/" implURL="http://www.jboss.org/" sealed="false" md5Digest="1b62c335d7dbc576a6c0cec318b55e9f"/>
  <jar name="jbossjmx-ant.jar" specVersion="5.0.1.GA" specVendor="JBoss (http://www.jboss.org/)" specTitle="JBoss" implVersion="5.0.1.GA (build: SVNTag=JBoss_5_0_1_GA date=200902232048)" implVendor="JBoss Inc." implTitle="JBoss [Morpheus]" implVendorID="http://www.jboss.org/" implURL="http://www.jboss.org/" sealed="false" md5Digest="a4268d07128c85b69e33b8aeb0bc1220"/>
  <jar name="jbossjta-integration.jar" specVersion="5.0.1.GA" specVendor="JBoss (http://www.jboss.org/)" specTitle="JBoss" implVersion="5.0.1.GA (build: SVNTag=JBoss_5_0_1_GA date=200902232048)" implVendor="JBoss Inc." implTitle="JBoss [Morpheus]" implVendorID="http://www.jboss.org/" implURL="http://www.jboss.org/" sealed="false" md5Digest="65cb966be15c15b1122795661fbead35"/>
  <jar name="jbossjta.jar" specVersion="5.0.1.GA" specVendor="JBoss (http://www.jboss.org/)" specTitle="JBoss" implVersion="5.0.1.GA (build: SVNTag=JBoss_5_0_1_GA date=200902232048)" implVendor="JBoss Inc." implTitle="JBoss [Morpheus]" implVendorID="http://www.jboss.org/" implURL="http://www.jboss.org/" sealed="false" md5Digest="d3b1c193c500ad1f65c116c98dc1a27d"/>
  <jar name="jbossjts-integration.jar" specVersion="5.0.1.GA" specVendor="JBoss (http://www.jboss.org/)" specTitle="JBoss" implVersion="5.0.1.GA (build: SVNTag=JBoss_5_0_1_GA date=200902232048)" implVendor="JBoss Inc." implTitle="JBoss [Morpheus]" implVendorID="http://www.jboss.org/" implURL="http://www.jboss.org/" sealed="false" md5Digest="6647b91d5987f6fef12c925dda4d6c91"/>
  <jar name="jbossjts-jacorb.jar" specVersion="5.0.1.GA" specVendor="JBoss (http://www.jboss.org/)" specTitle="JBoss" implVersion="5.0.1.GA (build: SVNTag=JBoss_5_0_1_GA date=200902232048)" implVendor="JBoss Inc." implTitle="JBoss [Morpheus]" implVendorID="http://www.jboss.org/" implURL="http://www.jboss.org/" sealed="false" md5Digest="855cce2e7803b85576353bad68d550a1"/>
  <jar name="jbossjts.jar" specVersion="5.0.1.GA" specVendor="JBoss (http://www.jboss.org/)" specTitle="JBoss" implVersion="5.0.1.GA (build: SVNTag=JBoss_5_0_1_GA date=200902232048)" implVendor="JBoss Inc." implTitle="JBoss [Morpheus]" implVendorID="http://www.jboss.org/" implURL="http://www.jboss.org/" sealed="false" md5Digest="fd7de8a69282bf1b04378fdfea5d1989"/>
  <jar name="jbosssx-as-client.jar" specVersion="5.0.1.GA" specVendor="JBoss (http://www.jboss.org/)" specTitle="JBoss" implVersion="5.0.1.GA (build: SVNTag=JBoss_5_0_1_GA date=200902232048)" implVendor="JBoss Inc." implTitle="JBoss [Morpheus]" implVendorID="http://www.jboss.org/" implURL="http://www.jboss.org/" sealed="false" md5Digest="d35246d4512ed06f0e0e649d3e83eef5"/>
  <jar name="jbosssx-client.jar" specVersion="2.0.2.SP6" specVendor="JBoss Inc." specTitle="JBoss Security Client" implVersion="2.0.2.SP6" implVendor="JBoss Inc." implTitle="JBoss Security Client" implVendorID="org.jboss.security" implURL="http://www.jboss.org" sealed="false" md5Digest="f08d37716d10de792ea71143f193b14"/>
  <jar name="jbosssx-server.jar" specVersion="5.0.1.GA" specVendor="JBoss (http://www.jboss.org/)" specTitle="JBoss" implVersion="5.0.1.GA (build: SVNTag=JBoss_5_0_1_GA date=200902232048)" implVendor="JBoss Inc." implTitle="JBoss [Morpheus]" implVendorID="http://www.jboss.org/" implURL="http://www.jboss.org/" sealed="false" md5Digest="968bfa08ebc891802d52be4971f00ccb"/>
  <jar name="jbosssx.jar" specVersion="5.0.1.GA" specVendor="JBoss Inc." specTitle="JBoss Security is a cross cutting project that handles security for the JEMS projects" implVersion="2.0.2.SP6" implVendor="JBoss Inc." implTitle="jbosssx" implVendorID="http://www.jboss.org/" implURL="http://www.jboss.org/" sealed="false" md5Digest="f852b8dfc4ed759d16aad7790faa9586"/>
  <jar name="jbossts-common.jar" specVersion="5.0.1.GA" specVendor="JBoss (http://www.jboss.org/)" specTitle="JBoss" implVersion="5.0.1.GA (build: SVNTag=JBoss_5_0_1_GA date=200902232048)" implVendor="JBoss Inc." implTitle="JBoss [Morpheus]" implVendorID="http://www.jboss.org/" implURL="http://www.jboss.org/" sealed="false" md5Digest="b7181b7447c4d444c425055ad7b5a751"/>
  <jar name="jbossts-tools.sar" specVersion="5.0.1.GA" specVendor="JBoss (http://www.jboss.org/)" specTitle="JBoss" implVersion="5.0.1.GA (build: SVNTag=JBoss_5_0_1_GA date=200902232048)" implVendor="JBoss Inc." implTitle="JBoss [Morpheus]" implVendorID="http://www.jboss.org/" implURL="http://www.jboss.org/" sealed="false" md5Digest="83b08a775517cd2479fcd3e78ea3574a"/>
  <jar name="jbossweb-cluster.aop" specVersion="5.0.1.GA" specVendor="JBoss (http://www.jboss.org/)" specTitle="JBoss" implVersion="5.0.1.GA (build: SVNTag=JBoss_5_0_1_GA date=200902232048)" implVendor="JBoss Inc." implTitle="JBoss [Morpheus]" implVendorID="http://www.jboss.org/" implURL="http://www.jboss.org/" sealed="false" md5Digest="311303b281232e2461bbbd782a58fdba"/>
  <jar name="jbossweb.jar" specVersion="5.0.1.GA" specVendor="JBoss (http://www.jboss.org/)" specTitle="JBoss" implVersion="5.0.1.GA (build: SVNTag=JBoss_5_0_1_GA date=200902232048)" implVendor="JBoss Inc." implTitle="JBoss [Morpheus]" implVendorID="http://www.jboss.org/" implURL="http://www.jboss.org/" sealed="false" md5Digest="916beeccb3ab6a2d042a82d4f529a7b"/>
  <jar name="jbossws-common.jar" specVersion="5.0.1.GA" specVendor="JBoss (http://www.jboss.org/)" specTitle="JBoss" implVersion="1.0.8.GA" implVendor="JBoss, a division of Red Hat" implTitle="JBoss Web Services - Common" implVendorID="org.jboss.ws" implURL="http://www.jboss.org/" sealed="false" md5Digest="70adfd995f6478e03d5e9a431508f54e"/>
  <jar name="jbossws-framework.jar" specVersion="5.0.1.GA" specVendor="JBoss (http://www.jboss.org/)" specTitle="JBoss" implVersion="3.0.5.GA" implVendor="JBoss, a division of Red Hat" implTitle="JBoss Web Services - Framework Parent" implVendorID="org.jboss.ws" implURL="http://www.jboss.org/" sealed="false" md5Digest="a619fd7f72da37df50adc13e788178b6"/>
  <jar name="jbossws-jboss50.jar" specVersion="5.0.1.GA" specVendor="JBoss (http://www.jboss.org/)" specTitle="JBoss" implVersion="5.0.1.GA (build: SVNTag=JBoss_5_0_1_GA date=200902232048) (build=200902232052)" implVendor="JBoss Inc." implTitle="JBoss [Morpheus]" implVendorID="http://www.jboss.org/" implURL="http://www.jboss.org/" sealed="false" md5Digest="1e2157e89d86e39769b24a8f406e8d0a"/>
  <jar name="jbossws-native-client.jar" specVersion="5.0.1.GA" specVendor="JBoss (http://www.jboss.org/)" specTitle="JBoss" implVersion="3.0.5.GA" implVendor="JBoss, a division of Red Hat" implTitle="JBoss Web Services - Stack Native Client" implVendorID="org.jboss.ws.native" implURL="http://www.jboss.org/" sealed="false" md5Digest="4ec8dc4e742a9e692721483f0df75d6"/>
  <jar name="jbossws-native-core.jar" specVersion="5.0.1.GA" specVendor="JBoss (http://www.jboss.org/)" specTitle="JBoss" implVersion="3.0.5.GA" implVendor="JBoss, a division of Red Hat" implTitle="JBoss Web Services - Stack Native Core" implVendorID="org.jboss.ws.native" implURL="http://www.jboss.org/" sealed="false" md5Digest="65f447b0376cc20a25f29813b3ac9574"/>
  <jar name="jbossws-native-jaxrpc.jar" specVersion="5.0.1.GA" specVendor="JBoss (http://www.jboss.org/)" specTitle="JBoss" implVersion="3.0.5.GA" implVendor="JBoss, a division of Red Hat" implTitle="JBoss Web Services - Stack Native JAX-RPC" implVendorID="org.jboss.ws.native" implURL="http://www.jboss.org/" sealed="false" md5Digest="e9412eeebb6637482089e02b7760f59"/>
  <jar name="jbossws-native-jaxws-ext.jar" specVersion="5.0.1.GA" specVendor="JBoss (http://www.jboss.org/)" specTitle="JBoss" implVersion="3.0.5.GA" implVendor="JBoss, a division of Red Hat" implTitle="JBoss Web Services - Stack Native JAX-WS Ext" implVendorID="org.jboss.ws.native" implURL="http://www.jboss.org/" sealed="false" md5Digest="f22928d2bc2cce004f01b601cbe0eacf"/>
  <jar name="jbossws-native-jaxws.jar" specVersion="5.0.1.GA" specVendor="JBoss (http://www.jboss.org/)" specTitle="JBoss" implVersion="3.0.5.GA" implVendor="JBoss, a division of Red Hat" implTitle="JBoss Web Services - Stack Native JAX-WS" implVendorID="org.jboss.ws.native" implURL="http://www.jboss.org/" sealed="false" md5Digest="5b606d68bbfa03daa895383a2066fbad"/>
  <jar name="jbossws-native-saaj.jar" specVersion="5.0.1.GA" specVendor="JBoss (http://www.jboss.org/)" specTitle="JBoss" implVersion="3.0.5.GA" implVendor="JBoss, a division of Red Hat" implTitle="JBoss Web Services - Stack Native SAAJ" implVendorID="org.jboss.ws.native" implURL="http://www.jboss.org/" sealed="false" md5Digest="4adba1bf565707e845aabaab9bfd8f49"/>
  <jar name="jbossws-spi.jar" specVersion="5.0.1.GA" specVendor="JBoss (http://www.jboss.org/)" specTitle="JBoss" implVersion="1.0.7.GA" implVendor="JBoss, a division of Red Hat" implTitle="JBoss Web Services - SPI" implVendorID="org.jboss.ws" implURL="http://www.jboss.org/" sealed="false" md5Digest="d4f77c7106a32d44eaec5401433d7249"/>
  <jar name="jcip-annotations.jar" specVersion="5.0.1.GA" specVendor="JBoss (http://www.jboss.org/)" specTitle="JBoss" implVersion="5.0.1.GA (build: SVNTag=JBoss_5_0_1_GA date=200902232048)" implVendor="JBoss Inc." implTitle="JBoss [Morpheus]" implVendorID="http://www.jboss.org/" implURL="http://www.jboss.org/" sealed="false" md5Digest="6d313d50099303191221d4d0cc410372"/>
  <jar name="jcommon.jar" specVersion="5.0.1.GA" specVendor="JFree.org" specTitle="JCommon is a free general purpose Java class library that is used in   several projects at www.jfree.org, including JFreeChart and   JFreeReport." implVersion="1.0.2" implVendor="JFree.org" implTitle="jcommon" implVendorID="http://www.jboss.org/" implURL="http://www.jboss.org/" sealed="false" md5Digest="d7e13701e06e2810070fca7c9ae94929"/>
  <jar name="jettison.jar" specVersion="5.0.1.GA" specVendor="JBoss (http://www.jboss.org/)" specTitle="JBoss" implVersion="5.0.1.GA (build: SVNTag=JBoss_5_0_1_GA date=200902232048)" implVendor="JBoss Inc." implTitle="JBoss [Morpheus]" implVendorID="http://www.jboss.org/" implURL="http://www.jboss.org/" sealed="false" md5Digest="a0fb5df4d2e1a90ca921f64ed0bf490f"/>
  <jar name="jfreechart.jar" specVersion="5.0.1.GA" specVendor="JFree.org" specTitle="JFreeChart is a class library, written in Java, for generating charts.   Utilising the Java2D APIs, it currently supports bar charts, pie charts,   line charts, XY-plots and time series plots." implVersion="1.0.2" implVendor="JFree.org" implTitle="jfreechart" implVendorID="http://www.jboss.org/" implURL="http://www.jboss.org/" sealed="false" md5Digest="891379938d50d40522d3e0551c6b93c5"/>
  <jar name="jgroups.jar" specVersion="5.0.1.GA" specVendor="JBoss (http://www.jboss.org/)" specTitle="JBoss" implVersion="2.6.7.GA" implVendor="JBoss Inc." implTitle="JBoss [Morpheus]" implVendorID="http://www.jboss.org/" implURL="http://www.jboss.org/" sealed="false" md5Digest="93b7f655b570b4c46ac0da82d115dac8"/>
  <jar name="jms-ra.rar" specVersion="5.0.1.GA" specVendor="JBoss (http://www.jboss.org/)" specTitle="JBoss" implVersion="5.0.1.GA (build: SVNTag=JBoss_5_0_1_GA date=200902232048)" implVendor="JBoss Inc." implTitle="JBoss [Morpheus]" implVendorID="http://www.jboss.org/" implURL="http://www.jboss.org/" sealed="false" md5Digest="8271d58aa4b542c48af61e5b27bf094f"/>
  <jar name="jmx-adaptor-plugin.jar" specVersion="5.0.1.GA" specVendor="JBoss (http://www.jboss.org/)" specTitle="JBoss" implVersion="5.0.1.GA (build: SVNTag=JBoss_5_0_1_GA date=200902232048)" implVendor="JBoss Inc." implTitle="JBoss [Morpheus]" implVendorID="http://www.jboss.org/" implURL="http://www.jboss.org/" sealed="false" md5Digest="c8949645e20e46a09a5472d8a6630bcf"/>
  <jar name="jmx-client.jar" specVersion="5.0.1.GA" specVendor="JBoss (http://www.jboss.org/)" specTitle="JBoss" implVersion="5.0.1.GA (build: SVNTag=JBoss_5_0_1_GA date=200902232048)" implVendor="JBoss Inc." implTitle="JBoss [Morpheus]" implVendorID="http://www.jboss.org/" implURL="http://www.jboss.org/" sealed="false" md5Digest="188b53b0fc4f875ef35f77bd4cf78a4d"/>
  <jar name="jmx-invoker-adaptor-client.jar" specVersion="5.0.1.GA" specVendor="JBoss (http://www.jboss.org/)" specTitle="JBoss" implVersion="5.0.1.GA (build: SVNTag=JBoss_5_0_1_GA date=200902232048)" implVendor="JBoss Inc." implTitle="JBoss [Morpheus]" implVendorID="http://www.jboss.org/" implURL="http://www.jboss.org/" sealed="false" md5Digest="1147f9d1f6093d147e1f7cf9db79036f"/>
  <jar name="jnp-client.jar" specVersion="@specification.version@" specVendor="@specification.vendor@" specTitle="@specification.title@" implVersion="@implementation.version@" implVendor="@implementation.vendor@" implTitle="@implementation.title@" implVendorID="@implementation.vendor.id@" implURL="@implementation.url@" sealed="false" md5Digest="5cbac29a09a0a106b038da61f8ef6b2b"/>
  <jar name="jnpserver.jar" specVersion="5.0.1.GA" specVendor="JBoss, a division of Red Hat, Inc." specTitle="JBoss Naming Server" implVersion="5.0.1.GA" implVendor="JBoss, a division of Red Hat, Inc." implTitle="JBoss Naming Server" implVendorID="org.jboss.naming" implURL="http://www.jboss.org" sealed="false" md5Digest="6f6170ff0f10d6691f5783a151d0e96f"/>
  <jar name="joesnmp.jar" specVersion="5.0.1.GA" specVendor="JBoss (http://www.jboss.org/)" specTitle="JBoss" implVersion="0.3.4" implVendor="joeSNMP" implTitle="JBoss [Morpheus]" implVendorID="http://www.jboss.org/" implURL="http://sourceforge.net/projects/joesnmp" sealed="false" md5Digest="2eaf5c43b659c8372b4e7fe5b01f0555"/>
  <jar name="jrockit-pluggable-instrumentor.jar" specVersion="2.0.1.GA" specVendor="JBoss, a division of Red Hat, Inc." specTitle="JBoss AOP JRockit Pluggable Instrumentor" implVersion="2.0.1.GA" implVendor="JBoss, a division of Red Hat, Inc." implTitle="JBoss AOP JRockit Pluggable Instrumentor" implVendorID="org.jboss.aop" implURL="http://www.jboss.org/jbossaop/jrockit-pluggable-instrumentor" sealed="false" md5Digest="fedb0bfbe6a56fc50e369009613240f"/>
  <jar name="jsf-api.jar" specVersion="1.2MR2" specVendor="JBoss (http://www.jboss.org/)" specTitle="JavaServer Faces" implVersion="1.2_10-b01-FCS" implVendor="Sun Microsystems, Inc." implTitle="Mojarra" implVendorID="com.sun" implURL="http://www.jboss.org/" sealed="false" md5Digest="df0e1229f324974a0a8ca526dec39c9b"/>
  <jar name="jsf-impl.jar" specVersion="1.2MR2" specVendor="JBoss (http://www.jboss.org/)" specTitle="JavaServer Faces" implVersion="1.2_10-b01-FCS" implVendor="Sun Microsystems, Inc." implTitle="Mojarra" implVendorID="com.sun" implURL="http://www.jboss.org/" sealed="false" md5Digest="27afe0c73face80ea65ef5bbbdc618ac"/>
  <jar name="jsp-api.jar" specVersion="5.0.1.GA" specVendor="JBoss (http://www.jboss.org/)" specTitle="JBoss" implVersion="5.0.1.GA (build: SVNTag=JBoss_5_0_1_GA date=200902232048)" implVendor="JBoss Inc." implTitle="JBoss [Morpheus]" implVendorID="http://www.jboss.org/" implURL="http://www.jboss.org/" sealed="false" md5Digest="43179e7c66ac4b7d8ebb684be769c83a"/>
  <jar name="jstl.jar" specVersion="1.2" specVendor="Sun Microsystems, Inc." specTitle="JavaServer Pages(TM) Standard Tag Library" implVersion="1.2" implVendor="Sun Microsystems, Inc." implTitle="Sun Java System Application Server" implVendorID="org.apache" implURL="http://www.jboss.org/" sealed="false" md5Digest="4f22474154e5bfe1e37113962d1b684c"/>
  <jar name="juddi-saaj.jar" specVersion="5.0.1.GA" specVendor="JBoss (http://www.jboss.org/)" specTitle="JBoss" implVersion="5.0.1.GA (build: SVNTag=JBoss_5_0_1_GA date=200902232048)" implVendor="JBoss Inc." implTitle="JBoss [Morpheus]" implVendorID="http://www.jboss.org/" implURL="http://www.jboss.org/" sealed="false" md5Digest="4ab079231c3d2bdb3f2fe352181cb95a"/>
  <jar name="juddi-service.jar" specVersion="5.0.1.GA" specVendor="JBoss (http://www.jboss.org/)" specTitle="JBoss" implVersion="5.0.1.GA (build: SVNTag=JBoss_5_0_1_GA date=200902232048)" implVendor="JBoss Inc." implTitle="JBoss [Morpheus]" implVendorID="http://www.jboss.org/" implURL="http://www.jboss.org/" sealed="false" md5Digest="21eebecc6f04d77933b17a9422bb293a"/>
  <jar name="juddi.jar" specVersion="5.0.1.GA" specVendor="JBoss (http://www.jboss.org/)" specTitle="JBoss" implVersion="5.0.1.GA (build: SVNTag=JBoss_5_0_1_GA date=200902232048)" implVendor="JBoss Inc." implTitle="JBoss [Morpheus]" implVendorID="http://www.jboss.org/" implURL="http://www.jboss.org/" sealed="false" md5Digest="b911b327416019041651b89880e9ae47"/>
  <jar name="log4j-boot.jar" specVersion="5.0.1.GA" specVendor="JBoss (http://www.jboss.org/)" specTitle="JBoss" implVersion="5.0.1.GA (build: SVNTag=JBoss_5_0_1_GA date=200902232048)" implVendor="JBoss Inc." implTitle="JBoss [Morpheus]" implVendorID="http://www.jboss.org/" implURL="http://www.jboss.org/" sealed="false" md5Digest="54bae9b872bd86c69e3f79c50b363b02"/>
  <jar name="log4j-snmp-appender.jar" specVersion="5.0.1.GA" specVendor="JBoss (http://www.jboss.org/)" specTitle="JBoss" implVersion="5.0.1.GA (build: SVNTag=JBoss_5_0_1_GA date=200902232048)" implVendor="JBoss Inc." implTitle="JBoss [Morpheus]" implVendorID="http://www.jboss.org/" implURL="http://www.jboss.org/" sealed="false" md5Digest="f9be2bfc962c5439e2a4c0da861e0be0"/>
  <jar name="log4j.jar" specVersion="5.0.1.GA" specVendor="JBoss (http://www.jboss.org/)" specTitle="JBoss" implVersion="5.0.1.GA (build: SVNTag=JBoss_5_0_1_GA date=200902232048)" implVendor="JBoss Inc." implTitle="JBoss [Morpheus]" implVendorID="http://www.jboss.org/" implURL="http://www.jboss.org/" sealed="false" md5Digest="43bcad1bb35c29ff392b44dd6737c7c3"/>
  <jar name="logging-monitor.jar" specVersion="5.0.1.GA" specVendor="JBoss (http://www.jboss.org/)" specTitle="JBoss" implVersion="5.0.1.GA (build: SVNTag=JBoss_5_0_1_GA date=200902232048)" implVendor="JBoss Inc." implTitle="JBoss [Morpheus]" implVendorID="http://www.jboss.org/" implURL="http://www.jboss.org/" sealed="false" md5Digest="dada31ecd92b8c952af3f60e278a1ba0"/>
  <jar name="logkit.jar" specVersion="1.0" specVendor="Apache Software Foundation" specTitle="JBoss" implVersion="1.2" implVendor="Apache Software Foundation" implTitle="JBoss [Morpheus]" implVendorID="ASF" implURL="http://www.jboss.org/" sealed="false" md5Digest="eb434ba4d385110b82d7b06371de087f"/>
  <jar name="mail-plugin.jar" specVersion="5.0.1.GA" specVendor="JBoss (http://www.jboss.org/)" specTitle="JBoss" implVersion="5.0.1.GA (build: SVNTag=JBoss_5_0_1_GA date=200902232048)" implVendor="JBoss Inc." implTitle="JBoss [Morpheus]" implVendorID="http://www.jboss.org/" implURL="http://www.jboss.org/" sealed="false" md5Digest="69292b0b9532725c26513e502369a7dd"/>
  <jar name="mail-ra.rar" specVersion="5.0.1.GA" specVendor="JBoss (http://www.jboss.org/)" specTitle="JBoss" implVersion="5.0.1.GA (build: SVNTag=JBoss_5_0_1_GA date=200902232048)" implVendor="JBoss Inc." implTitle="JBoss [Morpheus]" implVendorID="http://www.jboss.org/" implURL="http://www.jboss.org/" sealed="false" md5Digest="84532dc9740df855b7b09224a47c76e"/>
  <jar name="mail.jar" specVersion="1.4" specVendor="Sun Microsystems, Inc." specTitle="JavaMail(TM) API Design Specification" implVersion="1.4" implVendor="Sun Microsystems, Inc." implTitle="JavaMail(TM) API Reference Implementation" implVendorID="com.sun" implURL="http://www.jboss.org/" sealed="false" md5Digest="92b7f6d5ba14b240156050b985da8f76"/>
  <jar name="netboot.war" specVersion="5.0.1.GA" specVendor="JBoss (http://www.jboss.org/)" specTitle="JBoss" implVersion="5.0.1.GA (build: SVNTag=JBoss_5_0_1_GA date=200902232048)" implVendor="JBoss Inc." implTitle="JBoss [Morpheus]" implVendorID="http://www.jboss.org/" implURL="http://www.jboss.org/" sealed="false" md5Digest="ecdcac13a7b50df08b439e420100780c"/>
  <jar name="osgi.core.jar" specVersion="5.0.1.GA" specVendor="JBoss (http://www.jboss.org/)" specTitle="JBoss" implVersion="5.0.1.GA (build: SVNTag=JBoss_5_0_1_GA date=200902232048)" implVendor="JBoss Inc." implTitle="JBoss [Morpheus]" implVendorID="http://www.jboss.org/" implURL="http://www.jboss.org/" sealed="false" md5Digest="34ae1f34c924d4937ba21b3e17a3401b"/>
  <jar name="otherimages.jar" specVersion="5.0.1.GA" specVendor="JBoss (http://www.jboss.org/)" specTitle="JBoss" implVersion="5.0.1.GA (build: SVNTag=JBoss_5_0_1_GA date=200902232048)" implVendor="JBoss Inc." implTitle="JBoss [Morpheus]" implVendorID="http://www.jboss.org/" implURL="http://www.jboss.org/" sealed="false" md5Digest="bf50f342017019ffe2b6584d6e9b3e8a"/>
  <jar name="pluggable-instrumentor.jar" specVersion="2.0.1.GA" specVendor="JBoss, a division of Red Hat, Inc." specTitle="JBoss AOP Pluggable Instrumentor" implVersion="2.0.1.GA" implVendor="JBoss, a division of Red Hat, Inc." implTitle="JBoss AOP Pluggable Instrumentor" implVendorID="org.jboss.aop" implURL="http://www.jboss.org/jbossaop/pluggable-instrumentor" sealed="false" md5Digest="aa3764157a9832b0695a71f4f221d761"/>
  <jar name="policy.jar" specVersion="5.0.1.GA" specVendor="Apache Software Foundation" specTitle="" implVersion="1.0" implVendor="Apache Software Foundation" implTitle="org.apache.ws.policy" implVendorID="http://www.jboss.org/" implURL="http://www.jboss.org/" sealed="false" md5Digest="9cf8397d6c2cbce93e56757475c9bfd3"/>
  <jar name="properties-plugin.jar" specVersion="5.0.1.GA" specVendor="JBoss (http://www.jboss.org/)" specTitle="JBoss" implVersion="5.0.1.GA (build: SVNTag=JBoss_5_0_1_GA date=200902232048)" implVendor="JBoss Inc." implTitle="JBoss [Morpheus]" implVendorID="http://www.jboss.org/" implURL="http://www.jboss.org/" sealed="false" md5Digest="a6de721ca9f6f8e3182615ccb4457bb5"/>
  <jar name="quartz-ra.rar" specVersion="5.0.1.GA" specVendor="JBoss (http://www.jboss.org/)" specTitle="JBoss" implVersion="5.0.1.GA (build: SVNTag=JBoss_5_0_1_GA date=200902232048)" implVendor="JBoss Inc." implTitle="JBoss [Morpheus]" implVendorID="http://www.jboss.org/" implURL="http://www.jboss.org/" sealed="false" md5Digest="a29f45c9b0ec5859dea36ce31a7a2fe4"/>
  <jar name="quartz.jar" specVersion="5.0.1.GA" specVendor="JBoss (http://www.jboss.org/)" specTitle="JBoss" implVersion="1.5.2" implVendor="OpenSymphony" implTitle="Quartz Enterprise Job Scheduler ALL" implVendorID="http://www.jboss.org/" implURL="http://www.jboss.org/" sealed="false" md5Digest="3539d1676e9eec41dc5620a1f7220672"/>
  <jar name="resolver.jar" specVersion="5.0.1.GA" specVendor="JBoss (http://www.jboss.org/)" specTitle="JBoss" implVersion="5.0.1.GA (build: SVNTag=JBoss_5_0_1_GA date=200902232048)" implVendor="JBoss Inc." implTitle="JBoss [Morpheus]" implVendorID="http://www.jboss.org/" implURL="http://www.jboss.org/" sealed="false" md5Digest="7f292e4692751ca1f1aa1ee2887b300c"/>
  <jar name="run.jar" specVersion="5.0.1.GA" specVendor="JBoss (http://www.jboss.org/)" specTitle="JBoss" implVersion="5.0.1.GA (build: SVNTag=JBoss_5_0_1_GA date=200902232048)" implVendor="JBoss Inc." implTitle="JBoss [Morpheus]" implVendorID="http://www.jboss.org/" implURL="http://www.jboss.org/" sealed="false" md5Digest="85da41d9a262fb0fdb64e1f947274ec2"/>
  <jar name="scheduler-plugin-example.jar" specVersion="5.0.1.GA" specVendor="JBoss (http://www.jboss.org/)" specTitle="JBoss" implVersion="5.0.1.GA (build: SVNTag=JBoss_5_0_1_GA date=200902232048)" implVendor="JBoss Inc." implTitle="JBoss [Morpheus]" implVendorID="http://www.jboss.org/" implURL="http://www.jboss.org/" sealed="false" md5Digest="d7fb779bfa668009db8856d1cc79b251"/>
  <jar name="scheduler-plugin.jar" specVersion="5.0.1.GA" specVendor="JBoss (http://www.jboss.org/)" specTitle="JBoss" implVersion="5.0.1.GA (build: SVNTag=JBoss_5_0_1_GA date=200902232048)" implVendor="JBoss Inc." implTitle="JBoss [Morpheus]" implVendorID="http://www.jboss.org/" implURL="http://www.jboss.org/" sealed="false" md5Digest="aeb2109582c9a5dca3b7970f1a3bf33e"/>
  <jar name="scout.jar" specVersion="5.0.1.GA" specVendor="JBoss (http://www.jboss.org/)" specTitle="JBoss" implVersion="5.0.1.GA (build: SVNTag=JBoss_5_0_1_GA date=200902232048)" implVendor="JBoss Inc." implTitle="JBoss [Morpheus]" implVendorID="http://www.jboss.org/" implURL="http://www.jboss.org/" sealed="false" md5Digest="d83df3710c2d0ffb131257bd7ccf32f6"/>
  <jar name="serializer.jar" specVersion="5.0.1.GA" specVendor="JBoss (http://www.jboss.org/)" specTitle="JBoss" implVersion="5.0.1.GA (build: SVNTag=JBoss_5_0_1_GA date=200902232048)" implVendor="JBoss Inc." implTitle="JBoss [Morpheus]" implVendorID="http://www.jboss.org/" implURL="http://www.jboss.org/" sealed="false" md5Digest="5835988ee61ab8648ec94cb86deea080"/>
  <jar name="servlet-api.jar" specVersion="5.0.1.GA" specVendor="JBoss (http://www.jboss.org/)" specTitle="JBoss" implVersion="5.0.1.GA (build: SVNTag=JBoss_5_0_1_GA date=200902232048)" implVendor="JBoss Inc." implTitle="JBoss [Morpheus]" implVendorID="http://www.jboss.org/" implURL="http://www.jboss.org/" sealed="false" md5Digest="46e8e5260f530a5699015d2372898e6a"/>
  <jar name="shutdown.jar" specVersion="5.0.1.GA" specVendor="JBoss (http://www.jboss.org/)" specTitle="JBoss" implVersion="5.0.1.GA (build: SVNTag=JBoss_5_0_1_GA date=200902232048)" implVendor="JBoss Inc." implTitle="JBoss [Morpheus]" implVendorID="http://www.jboss.org/" implURL="http://www.jboss.org/" sealed="false" md5Digest="b7b96d5b952ed87cc876c7bf1e9f79c5"/>
  <jar name="slf4j-api.jar" specVersion="5.0.1.GA" specVendor="JBoss (http://www.jboss.org/)" specTitle="JBoss" implVersion="1.5.0" implVendor="JBoss Inc." implTitle="slf4j-api" implVendorID="http://www.jboss.org/" implURL="http://www.jboss.org/" sealed="false" md5Digest="313e0ddc9a4b12037a8131245e829e3"/>
  <jar name="slf4j-jboss-logging.jar" specVersion="1.0.0.GA" specVendor="JBoss Inc." specTitle="slf4j to JBoss Logging Adapter" implVersion="1.0.0.GA" implVendor="JBoss Inc." implTitle="slf4j to JBoss Logging Adapter" implVendorID="org.jboss.slf4j" implURL="http://www.jboss.org" sealed="false" md5Digest="3d29a973a28add60e7dec7ef74810077"/>
  <jar name="snmp-adaptor.jar" specVersion="5.0.1.GA" specVendor="JBoss (http://www.jboss.org/)" specTitle="JBoss" implVersion="5.0.1.GA (build: SVNTag=JBoss_5_0_1_GA date=200902232048)" implVendor="JBoss Inc." implTitle="JBoss [Morpheus]" implVendorID="http://www.jboss.org/" implURL="http://www.jboss.org/" sealed="false" md5Digest="8a7ecc9736454acbc8764ef1c09dcad5"/>
  <jar name="stax-api.jar" specVersion="1.0" specVendor="JCP-173" specTitle="StAX" implVersion="1.0" implVendor="JCP" implTitle="StAX 1.0 API" implVendorID="http://www.jboss.org/" implURL="http://www.jboss.org/" sealed="false" md5Digest="b9f0ecb68a66acfa274c97af32891ccc"/>
  <jar name="stax-ex.jar" specVersion="5.0.1.GA" specVendor="java.net" specTitle="" implVersion="1.1-SNAPSHOT" implVendor="java.net" implTitle="org.jvnet.staxex" implVendorID="http://www.jboss.org/" implURL="http://www.jboss.org/" sealed="false" md5Digest="8f80c9a1affb24bbbd9b01dfe82c44a8"/>
  <jar name="streambuffer.jar" specVersion="5.0.1.GA" specVendor="JBoss (http://www.jboss.org/)" specTitle="JBoss" implVersion="0.3" implVendor="Sun Microsystems, Inc." implTitle="XML Stream Buffer Implementation " implVendorID="com.sun" implURL="http://www.jboss.org/" sealed="false" md5Digest="d6d16fbe2e1a1e5df9e0e8424f056536"/>
  <jar name="threaddump.war" specVersion="5.0.1.GA" specVendor="JBoss (http://www.jboss.org/)" specTitle="JBoss" implVersion="5.0.1.GA (build: SVNTag=JBoss_5_0_1_GA date=200902232048)" implVendor="JBoss Inc." implTitle="JBoss [Morpheus]" implVendorID="http://www.jboss.org/" implURL="http://www.jboss.org/" sealed="false" md5Digest="d2c4a9b83923aa24722795a596834833"/>
  <jar name="trove.jar" specVersion="5.0.1.GA" specVendor="JBoss (http://www.jboss.org/)" specTitle="JBoss" implVersion="1.0.2" implVendor="JBoss Inc." implTitle="GNU Trove for Java" implVendorID="http://www.jboss.org/" implURL="http://trove4j.sourceforge.net/" sealed="false" md5Digest="e5b8e2d14c196776d45c207222956966"/>
  <jar name="twiddle.jar" specVersion="5.0.1.GA" specVendor="JBoss (http://www.jboss.org/)" specTitle="JBoss" implVersion="5.0.1.GA (build: SVNTag=JBoss_5_0_1_GA date=200902232048)" implVendor="JBoss Inc." implTitle="JBoss [Morpheus]" implVendorID="http://www.jboss.org/" implURL="http://www.jboss.org/" sealed="false" md5Digest="5fd205758c1c159c6069745131e3cfe9"/>
  <jar name="wsdl4j.jar" specVersion="1.2" specVendor="IBM (Java Community Process)" specTitle="JWSDL" implVersion="1.6" implVendor="IBM" implTitle="WSDL4J" implVendorID="http://www.jboss.org/" implURL="http://www.jboss.org/" sealed="false" md5Digest="f4786459e3d3c7e09e328fd34eafcd83"/>
  <jar name="wstx.jar" specVersion="1.0" specVendor="http://jcp.org/en/jsr/detail?id=173" specTitle="StAX 1.0 API" implVersion="3.2.6" implVendor="woodstox.codehaus.org" implTitle="WoodSToX XML-processor" implVendorID="http://www.jboss.org/" implURL="http://www.jboss.org/" sealed="false" md5Digest="8a9c31050e55a28e098e7163a253ade3"/>
  <jar name="xalan.jar" specVersion="5.0.1.GA" specVendor="JBoss (http://www.jboss.org/)" specTitle="JBoss" implVersion="5.0.1.GA (build: SVNTag=JBoss_5_0_1_GA date=200902232048)" implVendor="JBoss Inc." implTitle="JBoss [Morpheus]" implVendorID="http://www.jboss.org/" implURL="http://www.jboss.org/" sealed="false" md5Digest="cfc1f768e59c04132e31971361a4e205"/>
  <jar name="xercesImpl.jar" specVersion="5.0.1.GA" specVendor="JBoss (http://www.jboss.org/)" specTitle="JBoss" implVersion="5.0.1.GA (build: SVNTag=JBoss_5_0_1_GA date=200902232048)" implVendor="JBoss Inc." implTitle="JBoss [Morpheus]" implVendorID="http://www.jboss.org/" implURL="http://www.jboss.org/" sealed="false" md5Digest="6a8a254319147bf09f0df8b4fe120a27"/>
  <jar name="xmlsec.jar" specVersion="5.0.1.GA" specVendor="JBoss (http://www.jboss.org/)" specTitle="JBoss" implVersion="5.0.1.GA (build: SVNTag=JBoss_5_0_1_GA date=200902232048)" implVendor="JBoss Inc." implTitle="JBoss [Morpheus]" implVendorID="http://www.jboss.org/" implURL="http://www.jboss.org/" sealed="false" md5Digest="bbc473bb7e7a8f0cc8c50208974ddf53"/>
</jar-versions>
