<?xml version="1.0" encoding="UTF-8"?>
<transaction-service>
    <properties depends="common" name="arjuna">
        <!--
        Transaction Reaper Timeout (default is 120000 ms).
      -->
        <property
            name="com.arjuna.ats.arjuna.coordinator.txReaperTimeout" value="120000"/>
        <!--
        Transaction Reaper Mode, can be: NORMAL or DYNAMIC
        (default is NORMAL but DYNAMIC is recommended for most usage).
      -->
        <property name="com.arjuna.ats.arjuna.coordinator.txReaperMode" value="DYNAMIC"/>
        <!--
        Transaction Reaper Cancel Wait Period (default is 500 ms, min is 10 msecs).
      -->
        <property
            name="com.arjuna.ats.arjuna.coordinator.txReaperCancelWaitPeriod" value="500"/>
        <!--
        Transaction Reaper Cancel Fail Wait Period (default is 500 ms, min is 10 msecs).
      -->
        <property
            name="com.arjuna.ats.arjuna.coordinator.txReaperCancelFailWaitPeriod" value="500"/>
        <!--
        Transaction Reaper Zombie Max (default is 8).
      -->
        <property
            name="com.arjuna.ats.arjuna.coordinator.txReaperZombieMax" value="8"/>
        <!--
        (default is NO)
      -->
        <property name="com.arjuna.ats.arjuna.coordinator.asyncCommit" value="NO"/>
        <!--
        (default is NO)
      -->
        <property name="com.arjuna.ats.arjuna.coordinator.asyncPrepare" value="NO"/>
        <!--
        (default is YES)
      -->
        <property
            name="com.arjuna.ats.arjuna.coordinator.commitOnePhase" value="YES"/>
        <!--
        (default is defaultStore)
      -->
        <property name="com.arjuna.ats.arjuna.objectstore.localOSRoot" value="defaultStore"/>
        <!--
        default is under user.home - must be writeable!)
      -->
        <property
            name="com.arjuna.ats.arjuna.objectstore.objectStoreDir" value="PutObjectStoreDirHere"/>
        <!--
        (default is ON)
      -->
        <property
            name="com.arjuna.ats.arjuna.objectstore.objectStoreSync" value="ON"/>
        <!--
        (default is ShadowNoFileLockStore)
      -->
        <property
            name="com.arjuna.ats.arjuna.objectstore.objectStoreType" value="ShadowNoFileLockStore"/>
        <!--
        (default is 255)
      -->
        <property
            name="com.arjuna.ats.arjuna.objectstore.hashedDirectories" value="255"/>
        <!--
        (default is ON)
      -->
        <property
            name="com.arjuna.ats.arjuna.objectstore.transactionSync" value="ON"/>
        <!--
        (Must be unique across all Arjuna instances.)
      -->
        <property name="com.arjuna.ats.arjuna.xa.nodeIdentifier" value="1"/>
        <!--
        Base port number for determining a unique number to associate with an instance of the transaction service
        (which is needed in order to support multiple instances on the same machine).
        Use the value 0 to allow the system to select the first available port number.
        If the port number is non-zero and the port is in use then the value will be incremented until either a successful binding
        to the loopback address is created or until the the maximum number of ports (specified by the
        com.arjuna.ats.internal.arjuna.utils.SocketProcessIdMaxPorts property) have been tried or until the port number
        reaches the maximum possible port number.
      -->
        <property
            name="com.arjuna.ats.internal.arjuna.utils.SocketProcessIdPort" value="0"/>
        <!--
        The maximum number of ports to try starting from the value specified by the property
        com.arjuna.ats.internal.arjuna.utils.SocketProcessIdPort. Any non-numeric or value less than 1 will
        defautl to 1.
      -->
        <property
            name="com.arjuna.ats.internal.arjuna.utils.SocketProcessIdMaxPorts" value="1"/>
        <!-- property
        name="com.arjuna.ats.arjuna.coordinator.actionStore"
		value="HashedActionStore"
		value="JDBCActionStore"
      -->
        <!-- property
        name="com.arjuna.ats.arjuna.objectstore.jdbcTxDbAccess"
		value="JDBCAccess"
      -->
        <!-- property
        name="com.arjuna.ats.arjuna.objectstore.objectStoreType"
		value="ShadowNoFileLockStore"
		value="JDBCStore"
      -->
        <!-- property
        name="com.arjuna.ats.arjuna.objectstore.jdbcUserDbAccess"
		value="JDBCAccess"
      -->
        <!-- property
        name="com.arjuna.ats.arjuna.objectstore.jdbcPoolSizeInitial"
		value="1"
      -->
        <!-- property
        name="com.arjuna.ats.arjuna.objectstore.jdbcPoolSizeMaximum"
		value="1"
      -->
        <!-- property
        name="com.arjuna.ats.arjuna.objectstore.jdbcPoolPutConnections"
		value="false"
      -->
        <!-- property
        name="com.arjuna.ats.arjuna.internal.arjuna.objectstore.cacheStore.size"
		value=""
      -->
        <!-- property
        name="com.arjuna.ats.arjuna.internal.arjuna.objectstore.cacheStore.period"
		value=""
      -->
        <!--
        The location for creating temporary files, e.g., Uids.
        Default is under user.home.
        IMPORTANT: make sure the directory is lockable, e.g., /tmp on Unix
        may not be!
      -->
        <!--
        <property
          name="com.arjuna.ats.arjuna.common.varDir"
          value="var"/>
      -->
    </properties>
    <properties name="common">
        <!-- CLF 2.0 properties -->
        <property name="com.arjuna.common.util.logging.DebugLevel"
            type="System" value="0x00000000"/>
        <property name="com.arjuna.common.util.logging.FacilityLevel"
            type="System" value="0xffffffff"/>
        <property name="com.arjuna.common.util.logging.VisibilityLevel"
            type="System" value="0xffffffff"/>
        <property name="com.arjuna.common.util.logger" type="System" value="log4j"/>
    </properties>
    <properties depends="arjuna" name="txoj">
        <!--
        (default is LockStore of installation - must be writeable!)
      -->
        <!--
        <property
          name="com.arjuna.ats.txoj.lockstore.lockStoreDir"
          value="LockStore"/>
      -->
        <!--
        (default is BasicLockStore)
      -->
        <property name="com.arjuna.ats.txoj.lockstore.lockStoreType" value="BasicLockStore"/>
        <!--
        (default is NO)
      -->
        <property name="com.arjuna.ats.txoj.lockstore.multipleLockStore" value="NO"/>
        <!--
        (default is YES)
      -->
        <property name="com.arjuna.ats.txoj.lockstore.singleLockStore" value="YES"/>
        <!--
        (default is YES)
      -->
        <property
            name="com.arjuna.ats.txoj.lockstore.allowNestedLocking" value="YES"/>
    </properties>
    <properties depends="jts" name="jta">
        <!--
        Support subtransactions in the JTA layer?
        Default is NO.
      -->
        <property name="com.arjuna.ats.jta.supportSubtransactions" value="NO"/>
        <property name="com.arjuna.ats.jta.jtaTMImplementation" value="com.arjuna.ats.internal.jta.transaction.jts.TransactionManagerImple"/>
        <!--
			com.arjuna.ats.internal.jta.transaction.arjunacore.TransactionManagerImple
			-->
        <property name="com.arjuna.ats.jta.jtaUTImplementation" value="com.arjuna.ats.internal.jta.transaction.jts.UserTransactionImple"/>
        <!--
			com.arjuna.ats.internal.jta.transaction.arjunacore.UserTransactionImple
			-->
    </properties>
    <properties depends="jta" name="jdbc">
        <!--
           property name="com.arjuna.ats.jdbc.isolationLevel" value="TRANSACTION_SERIALIZABLE"/>
        -->
    </properties>
    <properties depends="common" name="orbportability">
        <property name="com.arjuna.orbportability.bindMechanism" value="CONFIGURATION_FILE"/>
        <!--
        The location of initial references file (default is user.home)
      -->
        <!--
      <property
        name="com.arjuna.orbportability.initialReferencesRoot"
        value=""/>
      -->
        <!--
        The name of the initial references file (default is CosServices.cfg)
      -->
        <property name="com.arjuna.orbportability.initialReferencesFile" value="CosServices.cfg"/>
        <!--
        When reading and writing IORs, they can be read/written in this
        directory. (default is serviceName)
      -->
        <!--
        <property
          name="com.arjuna.orbportability.fileDir"
          value=""/>
      -->
        <!--
        Default resolution service for the Transaction Manager Server.
        ORB specific.
      -->
        <!--
        <property
          name="com.arjuna.orbportability.resolveService"
          value=""/>
      -->
        <!--
        Event handlers.
      -->
        <!--
        <property
          name="com.arjuna.orbportability.eventHandler_0"
          value=""/>
        <property
          name="com.arjuna.orbportability.eventHandler_1"
          value=""/>
      -->
        <!--
        The ORB implementation class - this defaults to the class which
        implements support for the first supported ORB in your classpath.
      -->
        <!--
        <property
          name="com.arjuna.orbportability.orbImplementation"
          value=""/>
      -->
        <!--
        The OA implementation class - this also defaults to the class which
        implements support for the first supported ORB in your classpath
      -->
        <!--
        <property
          name="com.arjuna.orbportability.oaImplementation"
          value=""/>
      -->
        <!--
          This class handles context propagation issues, and should never
          be commented out or removed.
        -->
        <property name="com.arjuna.orbportability.orb.PreInit1" value="com.arjuna.ats.internal.jts.context.ContextPropagationManager"/>
        <!--
          This property ensures the JTS knows which ORB to use and should never
          be commented out or removed
        -->
        <property name="com.arjuna.orbportability.orb.PostInit1" value="com.arjuna.ats.jts.utils.ORBSetup"/>
        <!--
          This property ensures the crash recovery is initialised correctly and
          should never be commented out or removed
        -->
        <property name="com.arjuna.orbportability.orb.PostInit2" value="com.arjuna.ats.internal.jts.recovery.RecoveryInit"/>
        <!--
          This property ensures the JTS knows which ORB to use and should never
          be commented out or removed
        -->
        <property name="com.arjuna.orbportability.orb.PostSet1" value="com.arjuna.ats.jts.utils.ORBSetup"/>
        <!--
          This property ensures the JTS knows which ORB to use and should never
          be commented out or removed
        -->
        <property name="com.arjuna.orbportability.orb.PostSet2" value="com.arjuna.ats.internal.jts.recovery.RecoveryInit"/>
        <!--
	  This property controls the port on which the Recovery ORB listens
	-->
        <property name="com.arjuna.ats.jts.recoveryManagerPort" value="4711"/>
        <!--
	  This property controls the address on which the Recovery ORB binds - defaults to the loopback connection
          If running within an AS then the address the AS is bound to (jboss.bind.address) takes precedence
	-->
        <property name="com.arjuna.ats.jts.recoveryManagerAddress" value=""/>
    </properties>
    <properties depends="orbportability,arjuna" name="jts">
        <!--
	(default is NO)
      -->
        <property name="com.arjuna.ats.jts.transactionManager" value="NO"/>
        <!--
        (default is NO)
      -->
        <property name="com.arjuna.ats.jts.needTranContext" value="NO"/>
        <!--
        (default is NO)
      -->
        <property name="com.arjuna.ats.jts.alwaysPropagateContext" value="NO"/>
        <!--
        (default is NO)
      -->
        <property name="com.arjuna.ats.jts.checkedTransactions" value="NO"/>
        <!--
        (default is YES)
      -->
        <property name="com.arjuna.ats.jts.supportSubtransactions" value="YES"/>
        <!--
        (default is YES)
      -->
        <property name="com.arjuna.ats.jts.supportRollbackSync" value="YES"/>
        <!--
        (default is NO)
      -->
        <property
            name="com.arjuna.ats.jts.supportInterposedSynchronization" value="NO"/>
        <!--
        Timeout in seconds to use for top-level transaction if 0 specified.
        (default is no timeout)
      -->
        <!---
        <property
          name="com.arjuna.ats.jts.defaultTimeout"
          value=""/>
      -->
        <!--
        Propagate the context? (default is INTERPOSITION)
      -->
        <property name="com.arjuna.ats.jts.contextPropMode" value="INTERPOSITION"/>
    </properties>
    <properties depends="arjuna,txoj,jts" name="recoverymanager">
        <!--
        Properties used only by the RecoveryManager.
      -->
        <!--
        Periodic recovery settings.
        Time values in this section are in seconds.
      -->
        <!--
        Interval in seconds between initiating the periodic recovery modules.
        Default is 120 seconds.
      -->
        <property
            name="com.arjuna.ats.arjuna.recovery.periodicRecoveryPeriod" value="120"/>
        <!--
        Interval in seconds between first and second pass of periodic recovery.
        Default is 10 seconds.
      -->
        <property
            name="com.arjuna.ats.arjuna.recovery.recoveryBackoffPeriod" value="10"/>
        <!--
        Periodic recovery modules to use.  Invoked in sort-order of names.
      -->
        <property
            name="com.arjuna.ats.arjuna.recovery.recoveryExtension1" value="com.arjuna.ats.internal.arjuna.recovery.AtomicActionRecoveryModule"/>
        <property
            name="com.arjuna.ats.arjuna.recovery.recoveryExtension2" value="com.arjuna.ats.internal.txoj.recovery.TORecoveryModule"/>
        <property
            name="com.arjuna.ats.arjuna.recovery.recoveryExtension3" value="com.arjuna.ats.internal.jts.recovery.transactions.TopLevelTransactionRecoveryModule"/>
        <property
            name="com.arjuna.ats.arjuna.recovery.recoveryExtension4" value="com.arjuna.ats.internal.jts.recovery.transactions.ServerTransactionRecoveryModule"/>
        <property
            name="com.arjuna.ats.arjuna.recovery.recoveryExtension5" value="com.arjuna.ats.internal.jta.recovery.arjunacore.XARecoveryModule"/>
        <property
            name="com.arjuna.ats.arjuna.recovery.recoveryExtension6" value="com.arjuna.ats.internal.jta.recovery.jts.XARecoveryModule"/>
        <!--
         Recovery Activator to use.
      -->
        <property
            name="com.arjuna.ats.arjuna.recovery.recoveryActivator_1" value="com.arjuna.ats.internal.jts.orbspecific.recovery.RecoveryEnablement"/>
        <!--
        Expired entry removal
      -->
        <!--
        Expiry scanners to use (order of invocation is random).
        Names must begin with "com.arjuna.ats.arjuna.recovery.expiryScanner"
      -->
        <property
            name="com.arjuna.ats.arjuna.recovery.expiryScannerTransactionStatusManager" value="com.arjuna.ats.internal.arjuna.recovery.ExpiredTransactionStatusManagerScanner"/>
        <property
            name="com.arjuna.ats.arjuna.recovery.expiryScannerContact" value="com.arjuna.ats.internal.jts.recovery.contact.ExpiredContactScanner"/>
        <property
            name="com.arjuna.ats.arjuna.recovery.expiryScannerTopLevelTran" value="com.arjuna.ats.internal.jts.recovery.transactions.ExpiredToplevelScanner"/>
        <property
            name="com.arjuna.ats.arjuna.recovery.expiryScannerServerTran" value="com.arjuna.ats.internal.jts.recovery.transactions.ExpiredServerScanner"/>
        <!--
        Interval, in hours, between running the expiry scanners.
        This can be quite long. The absolute value determines the interval -
        if the value is negative, the scan will NOT be run until after one
        interval has elapsed. If positive the first scan will be immediately
        after startup. Zero will prevent any scanning.
        Default  = 12 = run immediately, then every 12 hours.
      -->
        <property
            name="com.arjuna.ats.arjuna.recovery.expiryScanInterval" value="12"/>
        <!--
        This is the interval, in hours, after which a process that cannot be contacted will be considered dead.
        It should be long enough to avoid accidentally removing valid entries due to short lived
        transient errors such as network downtime. Zero = Never removed.  Default is 12.
      -->
        <property
            name="com.arjuna.ats.arjuna.recovery.transactionStatusManagerExpiryTime" value="12"/>
        <!--
        The port number on which the recovery manager listens.
      -->
        <property name="com.arjuna.ats.arjuna.recovery.recoveryPort" value="4712"/>
        <!--
        The address on which the recovery manager listens.
        If running within an AS then the address the AS is bound to (jboss.bind.address) takes precedence
      -->
        <property name="com.arjuna.ats.arjuna.recovery.recoveryAddress" value=""/>
        <!--
        Use this to fix the port on which the TransactionStatusManager listens,
        The default behaviour is to use any free port.
      -->
        <property
            name="com.arjuna.ats.arjuna.recovery.transactionStatusManagerPort" value="0"/>
        <!--
        Use this to fix the address on which the TransactionStatusManager binds,
        The default behaviour is to use the loopback address (ie localhost).
        If running within an AS then the address the AS is bound to (jboss.bind.address) takes precedence
      -->
        <property
            name="com.arjuna.ats.arjuna.recovery.transactionStatusManagerAddress" value=""/>
    </properties>
</transaction-service>
