<?xml version="1.0" encoding="UTF-8"?>

<!-- $Id: jboss-service.xml 70749 2008-03-11 20:09:45Z sguilhen@redhat.com $ -->

<!-- ======================================================================= -->
<!-- Legacy invokers to the JMX node                                         -->
<!-- ======================================================================= -->
<server>

   <!-- RMI/JRMP invoker -->
   <mbean code="org.jboss.invocation.jrmp.server.JRMPInvoker"
      name="jboss:service=invoker,type=jrmp">
      <attribute name="RMIObjectPort">
         <value-factory bean="ServiceBindingManager" method="getIntBinding" parameter="jboss:service=invoker,type=jrmp"/>
      </attribute>
      <attribute name="ServerAddress">${jboss.bind.address}</attribute>
      <!--
      <attribute name="RMIClientSocketFactory">custom</attribute>
      <attribute name="RMIServerSocketFactory">custom</attribute>
      <attribute name="RMIServerSocketAddr">custom</attribute>
      <attribute name="SecurityDomain">ssl-domain-name</attribute>
      -->
      <depends>jboss:service=TransactionManager</depends>
   </mbean>

   <mbean code="org.jboss.invocation.local.LocalInvoker"
      name="jboss:service=invoker,type=local">

      <depends>jboss:service=TransactionManager</depends>
   </mbean>

   <mbean code="org.jboss.invocation.pooled.server.PooledInvoker"
      name="jboss:service=invoker,type=pooled">
      <attribute name="NumAcceptThreads">1</attribute>
      <attribute name="MaxPoolSize">300</attribute>
      <attribute name="ClientMaxPoolSize">300</attribute>
      <attribute name="SocketTimeout">300000</attribute>
      <attribute name="ServerBindAddress">${jboss.bind.address}</attribute>
      <attribute name="ServerBindPort">
         <value-factory bean="ServiceBindingManager" method="getIntBinding" parameter="jboss:service=invoker,type=pooled"/>
      </attribute>
      <attribute name="ClientConnectAddress">${jboss.bind.address}</attribute>
      <attribute name="ClientConnectPort">0</attribute>
      <attribute name="ClientRetryCount">1</attribute>
      <attribute name="EnableTcpNoDelay">false</attribute>

      <!-- Customized socket factory attributes
      <attribute name="ClientSocketFactoryName">custom.client.factory</attribute>
      <attribute name="ServerSocketFactoryName">custom.server.factory</attribute>
      <attribute name="SslDomain">java:/jaas/pooledInvoker</attribute>
      -->
      <depends optional-attribute-name="TransactionManagerService">jboss:service=TransactionManager</depends>
   </mbean>

</server>
