<?xml version="1.0" encoding="UTF-8"?>

<!--
     Messaging Destinations deployment descriptor.

     $Id: destinations-service.xml 81998 2008-12-03 06:46:29Z scott.stark@jboss.org $
 -->

<server>

   <!--
      The Default Dead Letter Queue. This destination is a dependency of an EJB MDB container.
   -->

   <mbean code="org.jboss.jms.server.destination.QueueService"
      name="jboss.messaging.destination:service=Queue,name=DLQ"
      xmbean-dd="xmdesc/Queue-xmbean.xml">
      <depends optional-attribute-name="ServerPeer">jboss.messaging:service=ServerPeer</depends>
      <depends>jboss.messaging:service=PostOffice</depends>
   </mbean>
   
   <!--
      The Default Expiry Queue.
   -->

   <mbean code="org.jboss.jms.server.destination.QueueService"
      name="jboss.messaging.destination:service=Queue,name=ExpiryQueue"
      xmbean-dd="xmdesc/Queue-xmbean.xml">
      <depends optional-attribute-name="ServerPeer">jboss.messaging:service=ServerPeer</depends>
      <depends>jboss.messaging:service=PostOffice</depends>
   </mbean>   


</server>