<?xml version="1.0" encoding="UTF-8"?>

<!--
    Messaging beans
    $Id: messaging-beans.xml 68282 2007-12-14 13:43:52Z alex.loubyansky@jboss.com $
-->
<deployment xmlns="urn:jboss:bean-deployer:2.0">

   <!-- messaging application-policy definition -->
   <application-policy xmlns="urn:jboss:security-beans:1.0" name="messaging">
      <authentication>
         <login-module code="org.jboss.security.auth.spi.DatabaseServerLoginModule" flag="required">
            <module-option name="unauthenticatedIdentity">guest</module-option>
            <module-option name="dsJndiName">java:/DefaultDS</module-option>
            <module-option name="principalsQuery">SELECT PASSWD FROM JBM_USER WHERE USER_ID=?</module-option>
            <module-option name="rolesQuery">SELECT ROLE_ID, 'Roles' FROM JBM_ROLE WHERE USER_ID=?</module-option>
         </login-module>
      </authentication>
   </application-policy>

   <bean name="SecurityStore" class="org.jboss.jms.server.jbosssx.JBossASSecurityMetadataStore">
      <!-- default security configuration -->
      <property name="defaultSecurityConfig">
         <![CDATA[
            <security>
               <role name="guest" read="true" write="true" create="true"/>
            </security>
         ]]>
      </property>
      <property name="suckerPassword">CHANGE ME!!</property>
      <property name="securityDomain">messaging</property>
      <property name="securityManagement"><inject bean="JNDIBasedSecurityManagement"/></property>
      <!-- @JMX annotation to export the management view of this bean -->
      <annotation>@org.jboss.aop.microcontainer.aspects.jmx.JMX(name="jboss.messaging:service=SecurityStore",exposedInterface=org.jboss.jms.server.jbosssx.JBossASSecurityMetadataStoreMBean.class)</annotation>
   </bean>

   <bean name="QueueTemplate" class="org.jboss.profileservice.management.templates.JmsDestinationTemplate">
      <property name="info"><inject bean="QueueTemplateInfo"/></property>
   </bean>
   <bean name="QueueTemplateInfo"
      class="org.jboss.profileservice.management.templates.JmsDestinationTemplateInfo">
      <constructor>
         <parameter>QueueTemplate</parameter>
         <parameter>A template for JMS queue *-service.xml deployments</parameter>
         <parameter>queue</parameter>
      </constructor>
   </bean>

   <bean name="TopicTemplate" class="org.jboss.profileservice.management.templates.JmsDestinationTemplate">
      <property name="info"><inject bean="TopicTemplateInfo"/></property>
   </bean>
   <bean name="TopicTemplateInfo"
      class="org.jboss.profileservice.management.templates.JmsDestinationTemplateInfo">
      <constructor>
         <parameter>TopicTemplate</parameter>
         <parameter>A template for JMS topic *-service.xml deployments</parameter>
         <parameter>topic</parameter>
      </constructor>
   </bean>

  <bean name="QueueMODefinition" class="org.jboss.jms.server.destination.QueueMODefinition">
    <constructor>
      <parameter><inject bean="ManagedObjectFactory" /></parameter>
    </constructor>
  </bean>

  <bean name="TopicMODefinition" class="org.jboss.jms.server.destination.TopicMODefinition">
    <constructor>
      <parameter><inject bean="ManagedObjectFactory" /></parameter>
    </constructor>
  </bean>

</deployment>
