<?xml version="1.0" encoding="UTF-8"?>

<!--
   The profile service
-->
<deployment xmlns="urn:jboss:bean-deployer:2.0">

   <classloader><inject bean="profile-classloader:0.0.0"/></classloader>

   <classloader name="profile-classloader" xmlns="urn:jboss:classloader:1.0" export-all="NON_EMPTY" import-all="true">
      <root>${jboss.lib.url}jboss-profileservice-spi.jar</root>
   </classloader>

    <bean name="StructureModCache" class="org.jboss.deployers.vfs.spi.structure.modified.DefaultStructureCache">
      <destroy method="flush"/>
    </bean>

    <bean name="StructureModificationChecker" class="org.jboss.deployers.vfs.spi.structure.modified.MetaDataStructureModificationChecker">
      <constructor>
        <parameter><inject bean="MainDeployer" /></parameter>
      </constructor>
      <property name="cache"><inject bean="StructureModCache" /></property>
      <property name="filter"><bean class="org.jboss.system.server.profile.basic.XmlIncludeVirtualFileFilter" /></property>
    </bean>

   <!-- The basic profile service which relies on vfs scanners
   to determine the profile deployments. This version does not
   support the full ProfileService spi.
   -->
   <bean name="ProfileService" class="org.jboss.system.server.profileservice.basic.MetaDataAwareProfileService">
      <constructor>
         <parameter>${jboss.server.name}</parameter>
      </constructor>
      <property name="profileRoot">${jboss.server.home.dir}</property>
      <property name="mainDeployer"><inject bean="MainDeployer"/></property>
      <property name="deploymentFilter"><inject bean="DeploymentFilter" /></property>
      <property name="checker"><inject bean="StructureModificationChecker"/></property>
   </bean>

   <bean name="ProfileServiceBootstrap" class="org.jboss.system.server.profileservice.ProfileServiceBootstrap">
      <property name="mainDeployer"><inject bean="MainDeployer"/></property>
      <property name="profileService"><inject bean="ProfileService"/></property>
      <property name="mof"><inject bean="ManagedObjectFactory"/></property>
      <property name="mgtDeploymentCreator"><inject bean="ManagedDeploymentCreator"/></property>
   </bean>

   <!-- A filter for excluding files from the scanner -->
   <bean name="DeploymentFilter" class="org.jboss.virtual.plugins.vfs.helpers.ExtensibleFilter">
      <!-- Files starting with theses strings are ignored -->
      <property name="prefixes">#,%,\,,.,_$</property>
      <!-- Files ending with theses strings are ignored -->
      <property name="suffixes">#,$,%,~,\,v,.BAK,.bak,.old,.orig,.tmp,.rej,.sh</property>
      <!-- Files matching with theses strings are ignored -->
      <property name="matches">.make.state,.nse_depinfo,CVS,CVS.admin,RCS,RCSLOG,SCCS,TAGS,core,tags</property>
   </bean>

   <!-- Scan for bootstraps -->
   <bean name="VFSBootstrapScanner" class="org.jboss.system.server.profileservice.VFSBootstrapScannerImpl">
      <property name="profileService"><inject bean="ProfileService"/></property>
      <property name="filterInstance"><inject bean="DeploymentFilter"/></property>
      <property name="URIList">
         <list elementClass="java.net.URI">
            <!-- Legacy static conf/jboss-service.xml -->
            <value>${jboss.server.home.url}conf/jboss-service.xml</value>
         </list>
      </property>
   </bean>

   <!-- Scan for deployers -->
   <bean name="VFSDeployerScanner" class="org.jboss.system.server.profileservice.VFSDeployerScannerImpl">
      <property name="profileService"><inject bean="ProfileService"/></property>
      <property name="filterInstance"><inject bean="DeploymentFilter"/></property>
      <property name="URIList">
         <list elementClass="java.net.URI">
            <!-- Directory for deployers -->
            <value>${jboss.server.home.url}deployers/</value>
         </list>
      </property>
   </bean>

   <!-- Scan for applications -->
   <bean name="VFSDeploymentScanner" class="org.jboss.system.server.profileservice.VFSDeploymentScannerImpl">
      <property name="profileService"><inject bean="ProfileService"/></property>
      <property name="filterInstance"><inject bean="DeploymentFilter"/></property>
      <property name="URIList">
         <list elementClass="java.net.URI">
            <!-- Standard hot deployment directory -->
            <value>${jboss.server.home.url}deploy/</value>
         </list>
      </property>
   </bean>

</deployment>
